"","X","Player","Age","G","MP","PER","TS.","X3PAr","FTr","ORB.","DRB.","TRB.","AST.","STL.","BLK.","TOV.","USG.","X.","OWS","DWS","WS","WS.48","X..1","OBPM","DBPM","BPM","VORP","Tm","fix"
"1",1,"Trae Young",23,76,2652,25.4,0.603,0.395,0.358,2.1,9.6,5.9,46.7,1.3,0.2,14.5,34.4,NA,9,1,10,0.181,NA,7.1,-2,5.2,4.8,"ATL","traeyoung"
"2",2,"Kevin Huerter",23,74,2188,11.9,0.57,0.541,0.068,1.6,11,6.4,13.2,1.2,1.1,10.4,17.5,NA,1.8,1,2.8,0.062,NA,-0.5,-0.7,-1.2,0.4,"ATL","kevinhuerter"
"3",3,"Clint Capela",27,74,2042,21.4,0.604,0.002,0.28,15,31.9,23.5,6.6,1.3,4.1,6.1,15.5,NA,5.6,2.7,8.3,0.195,NA,2.1,-0.1,2,2.1,"ATL","clintcapela"
"4",4,"Bogdan Bogdanović",29,63,1848,15.4,0.562,0.578,0.145,1.7,13,7.4,15.5,1.8,0.7,7.7,21.6,NA,2.5,1.2,3.7,0.095,NA,1.5,-0.2,1.3,1.5,"ATL","bogdanbogdanovi"
"5",5,"Danilo Gallinari",33,66,1672,14.3,0.579,0.492,0.261,2.3,17.8,10.1,8.5,0.8,0.6,5.4,18.4,NA,2.8,0.8,3.6,0.105,NA,1,-1.2,-0.2,0.8,"ATL","danilogallinari"
"6",6,"John Collins",24,54,1663,18.7,0.61,0.273,0.262,6.2,21.5,13.9,8.9,1,3,7.7,20.5,NA,3.6,1.4,5.1,0.146,NA,1.5,0,1.5,1.5,"ATL","johncollins"
"7",7,"De'Andre Hunter",24,53,1577,10.6,0.547,0.339,0.289,1.8,10.4,6.1,6.1,1.1,1.2,9.6,19.9,NA,0.4,0.7,1.1,0.034,NA,-2.4,-1.5,-3.9,-0.8,"ATL","deandrehunter"
"8",8,"Delon Wright",29,77,1452,13.8,0.576,0.431,0.234,3.8,12.7,8.3,16.6,3.1,1.2,13.2,10.3,NA,2.2,1.5,3.6,0.121,NA,-0.2,2.4,2.2,1.6,"ATL","delonwright"
"9",9,"Onyeka Okongwu",21,48,992,19.8,0.714,0,0.487,12.8,18.4,15.6,7.6,1.5,5.4,13.8,14,NA,3.1,1.1,4.2,0.202,NA,0,0.8,0.8,0.7,"ATL","onyekaokongwu"
"10",10,"Lou Williams",35,56,799,12.1,0.5,0.319,0.244,2.2,9.7,6,18.6,1.7,0.3,10.8,21.7,NA,0.2,0.4,0.6,0.034,NA,-2,-1.4,-3.4,-0.3,"ATL","louwilliams"
"11",12,"Timothé Luwawu-Cabarrot",26,52,685,9.3,0.556,0.656,0.22,2.7,10.3,6.6,7.7,1.3,0.8,8.9,14.3,NA,0.6,0.3,0.9,0.061,NA,-2.3,-1,-3.3,-0.2,"ATL","timothluwawucabarrot"
"12",13,"Gorgui Dieng",32,44,371,17.3,0.624,0.607,0.232,9.5,26.1,17.8,12.7,1.5,3.1,13.9,16.9,NA,0.8,0.4,1.2,0.155,NA,1.4,0.8,2.1,0.4,"ATL","gorguidieng"
"13",14,"Skylar Mays",24,28,220,11.7,0.589,0.391,0.141,2.5,9.9,6.2,10.8,1.6,0,12.8,15.5,NA,0.2,0.1,0.3,0.061,NA,-1.2,-0.8,-2,0,"ATL","skylarmays"
"14",15,"Solomon Hill",30,13,139,3.3,0.2,0.65,0,4.8,13.3,9.1,10.3,1.4,1.3,4.8,6.6,NA,-0.1,0.1,0,-0.006,NA,-5.2,1.2,-4,-0.1,"ATL","solomonhill"
"15",16,"Jalen Johnson",20,22,120,11.3,0.59,0.317,0.171,1.8,21.8,11.9,3.7,1.2,1.5,17,19.3,NA,-0.1,0.1,0,0.013,NA,-3.9,-1.1,-4.9,-0.1,"ATL","jalenjohnson"
"16",19,"Wes Iwundu",27,3,82,7.1,0.557,0.278,0.222,4,13.3,8.7,0,0.6,0,4.8,11.1,NA,0.1,0,0.1,0.046,NA,-4.1,-2.7,-6.8,-0.1,"ATL","wesiwundu"
"17",22,"Cameron Oliver",25,2,43,21.4,0.705,0.2,0.2,5.1,10.1,7.6,11.1,1.1,2.1,0,16.6,NA,0.2,0,0.2,0.219,NA,2.3,-0.5,1.7,0,"ATL","cameronoliver"
"18",23,"Sharife Cooper",20,13,39,-5.4,0.25,0.429,0,0,14,7,16.3,0,0,26.3,21.3,NA,-0.2,0,-0.2,-0.297,NA,-11.3,-5,-16.3,-0.1,"ATL","sharifecooper"
"19",24,"Cat Barber",27,3,13,-11.2,0,0,1,8.5,16.7,12.6,26.7,0,0,14.8,22.7,NA,-0.1,0,-0.1,-0.45,NA,-15.8,-7.6,-23.5,-0.1,"ATL","catbarber"
"20",25,"Jayson Tatum",23,76,2731,21.8,0.578,0.416,0.3,3.5,20.2,12.1,21.1,1.4,1.6,10.9,32.1,NA,5,4.6,9.6,0.169,NA,4.3,0.6,4.9,4.8,"BOS","jaysontatum"
"21",26,"Marcus Smart",27,71,2296,13.6,0.54,0.501,0.249,2,10.5,6.4,25.6,2.6,0.7,16.6,18.3,NA,1.9,3.7,5.6,0.116,NA,-1.2,1.7,0.5,1.5,"BOS","marcussmart"
"22",27,"Jaylen Brown",25,66,2220,18.9,0.574,0.381,0.261,2.6,16.7,9.8,17.9,1.6,0.7,11.6,30.5,NA,2.3,3.4,5.8,0.124,NA,1.9,0.1,2.1,2.2,"BOS","jaylenbrown"
"23",28,"Al Horford",35,69,2005,16.7,0.574,0.466,0.167,6,22.2,14.3,16.4,1.2,4.2,9.6,14.8,NA,3.7,3.8,7.6,0.181,NA,1.4,2.9,4.3,3.2,"BOS","alhorford"
"24",29,"Grant Williams",23,77,1875,11.2,0.635,0.597,0.22,3.8,11.8,7.9,5.7,1,2.8,11.6,12.6,NA,2.4,2.6,5.1,0.13,NA,-1.4,1.1,-0.4,0.8,"BOS","grantwilliams"
"25",30,"Robert Williams",24,61,1804,22.1,0.745,0.003,0.245,14.6,20.5,17.6,9.7,1.5,6.8,13.4,11.5,NA,6,3.9,9.9,0.262,NA,2.4,3.1,5.5,3.4,"BOS","robertwilliams"
"26",33,"Payton Pritchard",24,71,1001,15,0.578,0.657,0.056,3.5,10.8,7.2,20.4,1.2,0.5,9.7,18.6,NA,1.8,1.2,3.1,0.148,NA,1.7,0.1,1.8,1,"BOS","paytonpritchard"
"27",36,"Aaron Nesmith",22,52,574,7.3,0.507,0.632,0.143,2.9,13.6,8.4,5.4,1.7,0.8,13.8,17.2,NA,-0.4,0.9,0.4,0.038,NA,-4.9,0.7,-4.3,-0.3,"BOS","aaronnesmith"
"28",37,"Enes Freedom",29,35,411,15,0.585,0.052,0.289,16.5,25.4,21,2.7,0.6,3.1,15.5,13.9,NA,0.6,0.7,1.4,0.16,NA,-1.2,-0.2,-1.4,0.1,"BOS","enesfreedom"
"29",39,"Sam Hauser",24,26,158,14.8,0.65,0.88,0,3.5,16,9.9,9.1,0.3,1.2,3.8,14.5,NA,0.4,0.2,0.6,0.171,NA,2.7,-0.3,2.3,0.2,"BOS","samhauser"
"30",40,"Jabari Parker",26,12,112,14.8,0.632,0.421,0.237,5,21.7,13.5,7.9,1.8,0.8,16,19.6,NA,0.1,0.2,0.3,0.141,NA,-0.4,1.1,0.7,0.1,"BOS","jabariparker"
"31",43,"Brodric Thomas",25,12,60,10,0.52,0.5,0.278,3.7,14.1,9,26,0.8,1.5,22.9,19.2,NA,0,0.1,0.1,0.052,NA,-3.6,0.8,-2.8,0,"BOS","brodricthomas"
"32",48,"Matt Ryan",24,1,5,3.5,0.3,1,0,0,0,0,0,9.9,0,0,44,NA,0,0,0,-0.25,NA,-9.9,-3.8,-13.7,0,"BOS","mattryan"
"33",50,"C.J. Miles",34,1,2,-7.8,NA,NA,NA,0,0,0,0,0,0,NA,0,NA,0,0,0,0.03,NA,-16.3,0,-16.3,0,"BOS","cjmiles"
"34",51,"Joe Johnson",40,1,2,38.7,1,0,0,0,0,0,0,0,0,0,22,NA,0,0,0,0.335,NA,12.1,2.8,15,0,"BOS","joejohnson"
"35",53,"Patty Mills",33,81,2346,10.4,0.563,0.715,0.074,0.9,6.2,3.6,10.6,1.1,0.6,8.2,16.4,NA,1.9,0.9,2.8,0.058,NA,-0.3,-1.4,-1.7,0.2,"BRK","pattymills"
"36",54,"Kevin Durant",33,55,2047,25.6,0.634,0.269,0.367,1.6,19.6,10.8,29.1,1.1,2.3,12.9,31.2,NA,6.4,2,8.4,0.198,NA,6.4,0.7,7.2,4.8,"BRK","kevindurant"
"37",55,"Bruce Brown",25,72,1774,15,0.575,0.186,0.253,6.3,14.7,10.6,11.5,2.1,2.6,9.1,15,NA,2.8,2,4.8,0.13,NA,-0.4,1.1,0.7,1.2,"BRK","brucebrown"
"38",57,"James Johnson",34,62,1191,10.3,0.513,0.277,0.179,4.8,14.6,9.8,14.5,1.2,2.6,12.7,13.7,NA,0.6,1.1,1.7,0.068,NA,-2.7,0.6,-2.2,-0.1,"BRK","jamesjohnson"
"39",58,"Cam Thomas",20,67,1176,11.7,0.519,0.346,0.209,1.5,13.1,7.5,9.7,1.4,0.6,9.1,22.1,NA,0,0.8,0.8,0.033,NA,-2,-1.4,-3.4,-0.4,"BRK","camthomas"
"40",59,"Kyrie Irving",29,29,1091,21.4,0.592,0.388,0.209,1.6,10.8,6.3,25.2,1.8,1.4,9.8,29.4,NA,2.4,0.9,3.3,0.147,NA,4.2,-1.2,3,1.4,"BRK","kyrieirving"
"41",60,"LaMarcus Aldridge",36,47,1050,19.6,0.604,0.1,0.223,7.8,18.7,13.4,6.3,0.6,4,8,22.4,NA,2.1,1,3.1,0.141,NA,1.3,-0.6,0.7,0.7,"BRK","lamarcusaldridge"
"42",61,"Kessler Edwards",21,48,987,8.3,0.516,0.509,0.071,5,13.8,9.5,4.1,1.4,2.2,13.2,13.8,NA,-0.2,0.9,0.6,0.031,NA,-3.1,-0.8,-3.8,-0.5,"BRK","kessleredwards"
"43",62,"Nic Claxton",22,47,974,18.6,0.672,0,0.352,10.4,18.9,14.8,6.4,1.2,4.7,11.1,15.1,NA,2.3,1.2,3.5,0.171,NA,0.3,0.2,0.5,0.6,"BRK","nicclaxton"
"44",63,"Blake Griffin",32,56,958,13.7,0.518,0.463,0.243,7,18.6,13,15,1.4,1.3,8.2,16.9,NA,1.2,0.9,2.1,0.106,NA,-0.6,0.1,-0.5,0.3,"BRK","blakegriffin"
"45",68,"Joe Harris",30,14,423,9.6,0.624,0.71,0.048,1.3,12.8,7.2,4.5,0.8,0.4,11.2,14.5,NA,0.3,0.2,0.5,0.06,NA,-0.9,-0.5,-1.4,0.1,"BRK","joeharris"
"46",70,"Day'Ron Sharpe",20,32,391,20.7,0.593,0.047,0.275,23.2,21.4,22.3,6.7,1.2,3.4,15.2,21.7,NA,0.8,0.5,1.2,0.152,NA,-0.3,-2.5,-2.8,-0.1,"BRK","dayronsharpe"
"47",71,"David Duke Jr.",22,22,341,10,0.444,0.343,0.194,9.8,11.5,10.7,6.6,2,1.8,7.1,15.9,NA,0,0.3,0.3,0.048,NA,-3,-0.9,-3.9,-0.2,"BRK","daviddukejr"
"48",74,"Shaquille Harrison",28,2,23,4.6,0.333,0.333,0,4.9,13.8,9.5,16.6,2.1,3.9,25,15,NA,-0.1,0,0,-0.067,NA,-9,0.6,-8.3,0,"BRK","shaquilleharrison"
"49",77,"Miles Bridges",23,80,2837,17.9,0.593,0.383,0.274,3.3,17.8,10.4,15.7,1.3,2.2,9.9,22.6,NA,5,2.3,7.2,0.123,NA,1.8,-0.3,1.5,2.5,"CHO","milesbridges"
"50",78,"Terry Rozier",27,73,2458,17.6,0.566,0.508,0.151,2.4,11.3,6.8,19.7,1.8,1,7.2,23.2,NA,4.3,1.6,5.9,0.115,NA,2.4,-0.7,1.7,2.3,"CHO","terryrozier"
"51",79,"LaMelo Ball",20,75,2422,19.7,0.554,0.451,0.194,4.7,17.4,11,35.7,2.4,1.2,15.3,28.2,NA,3.4,2.5,5.8,0.116,NA,3.3,0.1,3.4,3.3,"CHO","lameloball"
"52",80,"Kelly Oubre Jr.",26,76,1999,14.9,0.56,0.593,0.203,4.1,12,8,6.2,1.8,1.5,6.2,23,NA,1.8,1.4,3.3,0.079,NA,0.2,-1.6,-1.4,0.3,"CHO","kellyoubrejr"
"53",81,"Cody Martin",26,71,1866,12.7,0.579,0.376,0.253,4.6,11.7,8.1,12.4,2.3,1.6,11.5,12.1,NA,2.4,1.5,3.9,0.101,NA,-1.2,0.7,-0.5,0.7,"CHO","codymartin"
"54",82,"Mason Plumlee",31,73,1793,14.7,0.603,0.006,0.534,10.2,23.3,16.7,16.4,1.6,2.7,20.2,11.7,NA,2.7,2,4.7,0.127,NA,-1.5,1.5,0,0.9,"CHO","masonplumlee"
"55",83,"P.J. Washington",23,65,1768,13.6,0.588,0.566,0.152,4.8,15.5,10.1,11.2,1.5,3.3,12.6,15.6,NA,1.8,1.6,3.4,0.091,NA,-0.2,0.2,-0.1,0.9,"CHO","pjwashington"
"56",84,"Gordon Hayward",31,49,1564,15.1,0.57,0.357,0.241,2.5,12.8,7.6,16.1,1.4,1.3,10.6,20.7,NA,1.9,1,2.8,0.087,NA,0.1,-0.8,-0.7,0.5,"CHO","gordonhayward"
"57",85,"Jalen McDaniels",24,55,895,12.7,0.595,0.425,0.283,4.3,16,10.1,8.7,1.4,2.3,11.2,15.3,NA,1,0.7,1.7,0.093,NA,-1.9,-0.4,-2.3,-0.1,"CHO","jalenmcdaniels"
"58",88,"Nick Richards",24,50,367,15.9,0.689,0,0.478,9.7,15.2,12.4,4.9,1.2,5.4,18.1,15.4,NA,0.6,0.3,1,0.125,NA,-2.6,-0.2,-2.8,-0.1,"CHO","nickrichards"
"59",89,"James Bouknight",21,31,304,10.1,0.459,0.348,0.22,7.6,10.6,9.1,11.9,1.1,0.3,8.8,23.7,NA,-0.1,0.1,0,0.001,NA,-3.4,-3.7,-7.1,-0.4,"CHO","jamesbouknight"
"60",90,"JT Thor",19,33,262,9.7,0.525,0.491,0.364,4.4,13.1,8.7,9.2,1.5,4,13.6,12,NA,0.1,0.2,0.3,0.058,NA,-3.1,0.1,-3,-0.1,"CHO","jtthor"
"61",92,"Kai Jones",21,21,63,9.2,0.628,0.143,0.571,5,13.7,9.2,8.6,0.8,3,25.5,15.9,NA,0,0,0,0.009,NA,-5.2,-1.4,-6.6,-0.1,"CHO","kaijones"
"62",94,"Scottie Lewis",21,2,7,14.6,0.568,NA,NA,0,0,0,16.2,6.9,0,0,5.3,NA,0,0,0,0.164,NA,0,5.9,6,0,"CHO","scottielewis"
"63",95,"Arnoldas Kulboka",24,2,5,-10.7,0,1,0,0,0,0,0,0,0,0,8.5,NA,0,0,0,-0.217,NA,-14.7,-7.1,-21.8,0,"CHO","arnoldaskulboka"
"64",96,"DeMar DeRozan",32,76,2743,23.1,0.59,0.093,0.386,2.3,13.7,8,23.3,1.2,0.8,9.2,31.8,NA,7,1.8,8.8,0.154,NA,3.4,-0.9,2.5,3.1,"CHI","demarderozan"
"65",97,"Nikola Vučević",31,73,2418,18.2,0.533,0.287,0.105,6.6,30.7,18.7,15.2,1.4,2.5,10.1,24.5,NA,1.4,3.2,4.5,0.09,NA,0.8,0.1,0.9,1.8,"CHI","nikolavuevi"
"66",98,"Zach LaVine",26,67,2328,20,0.605,0.401,0.316,1.1,13.8,7.4,20.8,0.9,0.9,11.2,28.8,NA,4.5,1.3,5.8,0.12,NA,3.9,-1.5,2.4,2.6,"CHI","zachlavine"
"67",99,"Ayo Dosunmu",22,77,2110,11.2,0.596,0.348,0.146,1.4,9.9,5.7,16.5,1.4,1.2,15.9,14.1,NA,1.7,1.3,3,0.069,NA,-1.9,-0.1,-2,0,"CHI","ayodosunmu"
"68",100,"Coby White",21,61,1675,12.6,0.564,0.548,0.141,1.1,11,6.1,15,0.8,0.6,9.3,19.8,NA,1.6,0.8,2.4,0.067,NA,-0.4,-1.7,-2.1,0,"CHI","cobywhite"
"69",101,"Javonte Green",28,65,1519,14,0.637,0.311,0.295,6.8,13.6,10.2,5.3,2.2,1.8,7.6,11.5,NA,2.9,1.5,4.4,0.139,NA,-0.6,0.7,0.1,0.8,"CHI","javontegreen"
"70",102,"Lonzo Ball",24,35,1212,14.5,0.575,0.679,0.073,3.3,14.3,8.8,20,2.6,2.2,17.2,17.4,NA,0.8,1.4,2.2,0.088,NA,0.9,1.6,2.5,1.4,"CHI","lonzoball"
"71",103,"Alex Caruso",27,41,1147,11.7,0.528,0.492,0.285,3.3,11.2,7.3,18.5,3,1.1,16.5,13.3,NA,0.7,1.2,2,0.082,NA,-2.2,2.3,0.2,0.6,"CHI","alexcaruso"
"72",104,"Troy Brown Jr.",22,66,1055,10.1,0.525,0.516,0.101,4.2,17.4,10.8,8.2,1.7,0.4,8.8,12.3,NA,0.5,0.9,1.4,0.065,NA,-1.7,-0.2,-1.8,0.1,"CHI","troybrownjr"
"73",105,"Derrick Jones Jr.",24,51,899,13,0.633,0.313,0.359,7.6,13.6,10.6,4.4,1.4,3.2,11.7,12.5,NA,1.4,0.8,2.2,0.119,NA,-1.5,0.5,-0.9,0.2,"CHI","derrickjonesjr"
"74",106,"Tony Bradley",24,55,549,14.9,0.6,0,0.236,13.8,24.3,19.1,6.7,0.9,5.2,20,13.6,NA,0.6,0.7,1.3,0.112,NA,-2,0.2,-1.8,0,"CHI","tonybradley"
"75",107,"Matt Thomas",27,40,459,9.9,0.564,0.679,0.149,0.7,11.5,6.1,5.8,0.9,0.6,5.3,14.5,NA,0.3,0.2,0.6,0.058,NA,-1.2,-1.4,-2.6,-0.1,"CHI","mattthomas"
"76",108,"Patrick Williams",20,17,422,12.7,0.637,0.284,0.402,4.6,13.8,9.2,4.8,1,1.8,11.8,14.2,NA,0.6,0.3,0.9,0.099,NA,-0.9,-0.7,-1.5,0,"CHI","patrickwilliams"
"77",110,"Alfonzo McKinnie",29,17,206,5.6,0.457,0.443,0.131,7.1,10.9,9,3.2,0.5,1.3,9.8,15.3,NA,-0.2,0.1,-0.1,-0.015,NA,-5.6,-3.4,-9,-0.4,"CHI","alfonzomckinnie"
"78",111,"Tyler Cook",24,20,200,13,0.643,0,0.842,9.1,20.7,14.9,2,1,1.7,11.8,13,NA,0.4,0.2,0.5,0.127,NA,-3,-1.1,-4.1,-0.1,"CHI","tylercook"
"79",114,"Devon Dotson",22,11,85,9.8,0.538,0.391,0.391,1.3,10.5,6,23.9,0.6,0,15.6,16.6,NA,0.1,0,0.1,0.048,NA,-3.4,-1.5,-4.9,-0.1,"CHI","devondotson"
"80",115,"Marko Simonovic",22,9,35,10.2,0.428,0.333,0.733,16.2,16,16.1,0,1.4,2.5,9.2,27.5,NA,0,0,0,-0.011,NA,-6.1,-5,-11.1,-0.1,"CHI","markosimonovic"
"81",117,"Jordan Bell",27,1,2,29.9,NA,NA,NA,56.6,0,28.1,0,24.4,0,NA,0,NA,0,0,0,0.6,NA,-8.1,10.8,2.7,0,"CHI","jordanbell"
"82",118,"Darius Garland",22,68,2430,19,0.576,0.387,0.205,1.8,8.2,5.1,39.9,1.8,0.3,16.2,27.8,NA,3.8,2.5,6.3,0.125,NA,3.4,-0.8,2.6,2.8,"CLE","dariusgarland"
"83",119,"Evan Mobley",20,69,2331,16.1,0.549,0.111,0.304,6.9,19.8,13.5,11.6,1.2,4.4,12.4,20.4,NA,1.5,3.7,5.2,0.107,NA,-0.9,1.5,0.6,1.5,"CLE","evanmobley"
"84",120,"Isaac Okoro",21,67,1981,10.4,0.589,0.364,0.36,4.1,7.1,5.6,8.5,1.4,1,10.4,12.4,NA,2.4,1.9,4.2,0.103,NA,-2.4,0.7,-1.7,0.1,"CLE","isaacokoro"
"85",121,"Lauri Markkanen",24,61,1878,14.7,0.582,0.541,0.226,3.5,16.5,10.2,6.6,1.2,1.4,6.5,19.5,NA,2.7,2.3,5,0.127,NA,0.4,-0.1,0.4,1.1,"CLE","laurimarkkanen"
"86",122,"Jarrett Allen",23,56,1809,23,0.698,0.018,0.428,12,24.5,18.4,8.2,1.2,3.7,12.7,18.1,NA,5.4,3,8.5,0.225,NA,2.7,1.2,3.9,2.7,"CLE","jarrettallen"
"87",123,"Kevin Love",33,74,1665,19.6,0.594,0.627,0.26,5.9,29.2,17.8,15.3,0.8,1,10.4,25.1,NA,3.2,2.5,5.7,0.164,NA,4.4,0.1,4.5,2.7,"CLE","kevinlove"
"88",124,"Cedi Osman",26,66,1462,13.3,0.563,0.628,0.229,1.9,9,5.5,14.1,1.8,0.6,9.6,21.1,NA,1.3,1.6,2.9,0.094,NA,-0.3,0.5,0.2,0.8,"CLE","cediosman"
"89",125,"Lamar Stevens",24,63,1015,11.3,0.544,0.204,0.235,5.2,12.5,8.9,6.5,1.5,1.6,10.4,17.1,NA,0.4,1.2,1.6,0.078,NA,-3.2,0.3,-2.9,-0.2,"CLE","lamarstevens"
"90",126,"Dean Wade",25,51,980,10.1,0.584,0.654,0.138,3.6,13.1,8.5,7.3,1.5,0.6,6.5,11.1,NA,1.1,1.1,2.3,0.111,NA,-1.9,1.3,-0.6,0.4,"CLE","deanwade"
"91",127,"Ricky Rubio",31,34,970,14,0.488,0.423,0.251,1.7,14.1,8,34.6,2.5,0.6,16.5,24.9,NA,-0.1,1.4,1.3,0.064,NA,-1,1.2,0.2,0.5,"CLE","rickyrubio"
"92",129,"Brandon Goodwin",26,36,502,11.8,0.501,0.357,0.247,3.1,11.4,7.4,26,2.5,0.2,17.4,18.2,NA,0.1,0.7,0.7,0.069,NA,-2.6,1.1,-1.6,0.1,"CLE","brandongoodwin"
"93",130,"Dylan Windler",25,50,459,8.8,0.519,0.714,0.184,5.2,16,10.7,10,1.5,0.6,13.1,11.8,NA,0.2,0.6,0.8,0.084,NA,-2.9,1.2,-1.7,0,"CLE","dylanwindler"
"94",132,"Collin Sexton",23,11,316,11.2,0.523,0.298,0.258,4.6,7.9,6.3,11.9,1.6,0,15.6,27.9,NA,-0.4,0.3,-0.1,-0.009,NA,-3.5,-0.7,-4.1,-0.2,"CLE","collinsexton"
"95",134,"Ed Davis",32,31,201,9.3,0.632,0,0.875,7.9,26.9,17.6,4.5,0.7,4,18.4,6,NA,0.2,0.3,0.5,0.126,NA,-4.2,2.5,-1.8,0,"CLE","eddavis"
"96",136,"Kevin Pangos",29,24,166,6.5,0.408,0.565,0.087,1.4,5.9,3.7,24.6,0.9,0,12.8,14.6,NA,-0.1,0.1,0.1,0.016,NA,-4.7,-1.4,-6.1,-0.2,"CLE","kevinpangos"
"97",137,"RJ Nembhard Jr.",22,14,63,8,0.38,0.111,0.222,5.4,6.9,6.1,26.1,0.8,0,13.2,16,NA,0,0,0,0.01,NA,-4.4,-1.5,-5.9,-0.1,"CLE","rjnembhardjr"
"98",138,"Tacko Fall",26,11,59,11.3,0.398,0,0.583,13.4,29.4,21.6,4.6,0,9.1,16.6,13.6,NA,-0.1,0.1,0.1,0.043,NA,-4.1,0.8,-3.4,0,"CLE","tackofall"
"99",141,"Tre Scott",25,2,11,20.4,0.5,0.167,0,10.3,9.8,10.1,0,4.5,8.1,0,24.1,NA,0,0,0,0.138,NA,-4.8,1.8,-3,0,"CLE","trescott"
"100",142,"Malik Newman",24,1,8,28.6,0.68,0.2,0.4,0,13.5,6.9,27.8,0,0,14.5,38.1,NA,0,0,0,0.179,NA,6.3,0.1,6.4,0,"CLE","maliknewman"
"101",144,"Dorian Finney-Smith",28,80,2644,12.5,0.604,0.629,0.12,5.1,10.7,7.9,8.2,1.7,1.3,9.9,13.8,NA,3.4,3.2,6.6,0.121,NA,0.1,0.7,0.8,1.9,"DAL","dorianfinneysmith"
"102",145,"Jalen Brunson",25,79,2524,17.1,0.583,0.25,0.211,1.9,11.7,6.8,24.3,1.3,0.1,10.1,21.9,NA,4.9,2.7,7.5,0.143,NA,0.9,0,0.9,1.9,"DAL","jalenbrunson"
"103",146,"Luka Dončić",22,65,2301,25.1,0.571,0.406,0.349,2.7,26,14.3,46,1.6,1.4,15.3,37.4,NA,3.8,3.8,7.6,0.159,NA,6.4,1.8,8.2,5.9,"DAL","lukadoni"
"104",147,"Reggie Bullock",30,68,1902,9.2,0.558,0.782,0.096,1.9,12.2,7,6.1,1.1,0.7,7.1,13.3,NA,1.2,2,3.2,0.08,NA,-1.5,0,-1.4,0.3,"DAL","reggiebullock"
"105",148,"Dwight Powell",30,82,1798,18.1,0.725,0.092,0.529,10.7,14.3,12.5,8.1,1,2,11.5,14,NA,6,2.2,8.2,0.219,NA,0.4,0.5,0.9,1.3,"DAL","dwightpowell"
"106",149,"Maxi Kleber",30,59,1450,11,0.537,0.72,0.184,5.4,21.5,13.4,6.5,1,3.6,10.9,13.3,NA,0.7,2.3,3,0.098,NA,-1.6,1.2,-0.4,0.6,"DAL","maxikleber"
"107",150,"Tim Hardaway Jr.",29,42,1245,12.7,0.52,0.574,0.194,1.2,12.8,7,11.4,1.5,0.4,5.6,22,NA,0.5,1.5,2,0.077,NA,-0.4,0.2,-0.2,0.6,"DAL","timhardawayjr"
"108",151,"Josh Green",21,67,1039,11.9,0.578,0.305,0.176,5.6,11.7,8.6,11,2.2,1.2,13.8,13.9,NA,1,1.4,2.4,0.111,NA,-2.4,1.4,-1,0.3,"DAL","joshgreen"
"109",153,"Frank Ntilikina",23,58,685,10.4,0.513,0.498,0.112,1.9,10.9,6.4,14.7,2,0.9,11.7,17.4,NA,0.1,0.9,0.9,0.065,NA,-2.8,0.9,-1.9,0,"DAL","frankntilikina"
"110",155,"Sterling Brown",26,49,628,8.4,0.495,0.594,0.097,4.6,21.8,13.2,7.5,1.1,1,12.5,13.2,NA,-0.1,0.9,0.8,0.061,NA,-3.4,0.5,-2.9,-0.1,"DAL","sterlingbrown"
"111",156,"Trey Burke",29,42,441,10,0.475,0.381,0.107,1,7.3,4.2,20.7,1.4,0,10.4,25.6,NA,-0.4,0.4,0,0.003,NA,-3.6,-1.4,-5,-0.3,"DAL","treyburke"
"112",157,"Marquese Chriss",24,34,346,14.8,0.518,0.187,0.246,10.6,22.5,16.5,7.7,1.9,3.1,10.3,21.5,NA,0.2,0.6,0.8,0.108,NA,-3.8,0,-3.8,-0.2,"DAL","marquesechriss"
"113",161,"Theo Pinson",26,19,148,11.9,0.553,0.769,0.256,1.5,14.3,7.9,15.9,1.7,1.2,10.3,14.7,NA,0.2,0.2,0.4,0.122,NA,-1.5,1,-0.5,0.1,"DAL","theopinson"
"114",162,"Boban Marjanović",33,23,128,18.5,0.615,0.057,0.314,6.9,27,16.9,4.8,0,2.1,15.8,33.3,NA,-0.1,0.2,0.1,0.045,NA,-3.2,-1.2,-4.4,-0.1,"DAL","bobanmarjanovi"
"115",163,"Brandon Knight",30,5,65,13,0.561,0.68,0.32,0,13.7,6.8,18.6,0.8,0,12.3,22.5,NA,0.1,0.1,0.1,0.091,NA,-2.7,-1.9,-4.6,0,"DAL","brandonknight"
"116",165,"George King",28,4,19,-12.3,0.085,0.8,0.4,0,29.3,14.6,0,0,0,14.5,16.3,NA,-0.1,0,-0.1,-0.296,NA,-16.5,-3.5,-20.1,-0.1,"DAL","georgeking"
"117",166,"Eugene Omoruyi",24,4,18,17,0.518,0.4,0.8,12.3,30.9,21.6,15.8,0,0,0,16.9,NA,0.1,0,0.1,0.201,NA,3.3,0.7,4,0,"DAL","eugeneomoruyi"
"118",170,"JaQuori McLaughlin",24,4,11,-2.9,0,0.5,0,0,0,0,22.3,0,0,0,8.2,NA,0,0,0,-0.101,NA,-9.4,-4.2,-13.6,0,"DAL","jaquorimclaughlin"
"119",171,"Nikola Jokić",26,74,2476,32.8,0.661,0.22,0.357,9.6,35.5,23,42.6,2.2,2.3,15.6,31.9,NA,10.8,4.5,15.2,0.296,NA,9.2,4.5,13.7,9.8,"DEN","nikolajoki"
"120",172,"Aaron Gordon",26,75,2376,15.3,0.602,0.312,0.276,6.1,14.3,10.3,11.6,0.9,1.7,12.5,19.7,NA,3.2,2,5.2,0.105,NA,0.5,-1.1,-0.6,0.9,"DEN","aarongordon"
"121",173,"Will Barton",31,71,2277,13.4,0.548,0.48,0.142,2.2,14.1,8.3,17.6,1.2,1.2,11.8,20.8,NA,1.2,1.9,3.2,0.067,NA,0.4,-0.9,-0.5,0.9,"DEN","willbarton"
"122",174,"Monte Morris",26,75,2239,14.7,0.583,0.406,0.109,1.4,9.6,5.6,21.4,1.2,0.6,8.8,17.4,NA,3.9,1.5,5.4,0.116,NA,0.8,-0.8,0,1.1,"DEN","montemorris"
"123",175,"Jeff Green",35,75,1849,12.5,0.627,0.318,0.374,2.6,11.1,7,7.3,0.7,1.3,10.3,16.3,NA,2.7,1.2,3.9,0.101,NA,-1.2,-1.3,-2.5,-0.2,"DEN","jeffgreen"
"124",176,"Austin Rivers",29,67,1480,7.2,0.546,0.66,0.126,1.5,6.9,4.3,8,1.7,0.4,12.8,12.6,NA,0.1,1.1,1.2,0.037,NA,-3.5,-0.3,-3.8,-0.7,"DEN","austinrivers"
"125",177,"Bones Hyland",21,69,1310,14.4,0.558,0.627,0.219,1.2,14.4,8,21.2,1.5,1.4,12.1,23.8,NA,1.1,1.3,2.4,0.088,NA,0.3,-0.7,-0.4,0.5,"DEN","boneshyland"
"126",178,"Facundo Campazzo",30,65,1184,11.1,0.503,0.652,0.264,2.2,8.6,5.5,24.1,2.6,1.8,16.9,14.7,NA,0.6,1.3,2,0.081,NA,-2.1,1.3,-0.8,0.4,"DEN","facundocampazzo"
"127",179,"JaMychal Green",31,67,1085,14.1,0.587,0.379,0.284,8.6,19.9,14.5,7.6,1.9,2.2,13.4,17.2,NA,1.2,1.4,2.7,0.118,NA,-2,0.1,-1.8,0,"DEN","jamychalgreen"
"128",180,"Zeke Nnaji",21,41,698,13.5,0.629,0.43,0.349,9.3,14.1,11.8,3.4,1.1,1.7,9.7,14.9,NA,1.2,0.6,1.8,0.123,NA,-0.7,-1.6,-2.2,0,"DEN","zekennaji"
"129",181,"Davon Reed",26,48,668,12.2,0.624,0.534,0.093,2.4,15.2,9,10.7,1.8,1.2,8.7,12.1,NA,0.9,0.7,1.6,0.117,NA,-0.6,0.3,-0.3,0.3,"DEN","davonreed"
"130",184,"PJ Dozier",25,18,340,8.7,0.463,0.485,0.131,4.8,15.6,10.3,11.3,1.6,1.6,11,15.2,NA,-0.1,0.4,0.3,0.038,NA,-3,1,-2,0,"DEN","pjdozier"
"131",185,"Michael Porter Jr.",23,9,265,7.5,0.416,0.466,0.087,3.9,20.4,12.4,8.9,1.9,0.7,10.1,19.7,NA,-0.5,0.3,-0.2,-0.032,NA,-3.9,0.5,-3.5,-0.1,"DEN","michaelporterjr"
"132",186,"Vlatko Čančar",24,15,176,12.7,0.657,0.293,0.341,5.2,14.1,9.8,13.2,0.6,1.5,16,14,NA,0.3,0.1,0.4,0.114,NA,-0.9,-0.9,-1.7,0,"DEN","vlatkoanar"
"133",187,"Markus Howard",22,31,176,16.1,0.567,0.693,0.228,1.3,6.1,3.8,6.2,2.5,0,5.9,29.4,NA,0.1,0.2,0.3,0.082,NA,0.8,-2,-1.2,0,"DEN","markushoward"
"134",188,"Bol Bol",22,14,81,13.5,0.565,0.148,0.185,5.7,21.4,13.8,9.1,0.6,2.2,12,18,NA,0,0.1,0.1,0.065,NA,-0.5,-0.4,-1,0,"DEN","bolbol"
"135",189,"Petr Cornelie",26,13,38,9.6,0.418,0.533,0.267,21.3,19.9,20.6,10.8,1.3,2.4,19.3,24,NA,-0.1,0,0,-0.015,NA,-6.1,-2.7,-8.8,-0.1,"DEN","petrcornelie"
"136",193,"Saddiq Bey",22,82,2704,14,0.529,0.537,0.224,4.1,14.1,8.8,13.8,1.3,0.5,7.1,21.3,NA,2.4,1.6,4,0.071,NA,0.9,-1.2,-0.3,1.2,"DET","saddiqbey"
"137",194,"Cade Cunningham",20,64,2088,13.1,0.504,0.352,0.163,2.9,16.2,9.2,29.1,1.8,1.9,17.5,27.5,NA,-2.4,1.9,-0.5,-0.011,NA,-1.1,-0.5,-1.6,0.2,"DET","cadecunningham"
"138",195,"Isaiah Stewart",20,71,1816,14,0.55,0.094,0.21,12.8,24.5,18.4,6.9,0.6,3.9,13.7,14.6,NA,1.6,1.8,3.4,0.091,NA,-2.5,-0.8,-3.3,-0.6,"DET","isaiahstewart"
"139",196,"Killian Hayes",20,66,1647,9.3,0.461,0.364,0.161,2.2,12,6.9,24.6,2.3,1.9,18.4,15.7,NA,-1,1.5,0.5,0.014,NA,-4.3,0.8,-3.5,-0.6,"DET","killianhayes"
"140",197,"Cory Joseph",30,65,1600,11.4,0.579,0.393,0.283,1.9,10.3,5.9,21.8,1.3,1,15.9,14.3,NA,1.7,0.8,2.5,0.075,NA,-2,-0.1,-2.1,0,"DET","coryjoseph"
"141",198,"Jerami Grant",27,47,1500,16.1,0.556,0.363,0.371,1.9,12.4,6.9,12.5,1.4,2.9,9.5,25.7,NA,1.2,1.1,2.3,0.075,NA,1.4,-0.2,1.2,1.2,"DET","jeramigrant"
"142",199,"Hamidou Diallo",23,58,1269,15.7,0.541,0.177,0.266,5.6,18.7,11.8,9.8,2.7,1.2,9,21.8,NA,0.6,1.5,2.1,0.079,NA,-1.2,0.7,-0.5,0.5,"DET","hamidoudiallo"
"143",200,"Frank Jackson",23,53,1164,10.6,0.53,0.578,0.215,1.7,6.7,4,7.6,1.1,0.7,6.7,20.9,NA,0.3,0.4,0.7,0.031,NA,-1.8,-1.7,-3.5,-0.4,"DET","frankjackson"
"144",202,"Kelly Olynyk",30,40,764,16.7,0.561,0.416,0.311,7.3,18.3,12.5,23.3,2,2.2,15.1,21.5,NA,0.8,0.8,1.6,0.104,NA,0.5,1,1.6,0.7,"DET","kellyolynyk"
"145",203,"Rodney McGruder",30,51,754,11.6,0.577,0.649,0.116,4.2,12.1,8,9.6,1.4,0.8,9.2,14.8,NA,0.7,0.4,1.2,0.075,NA,-0.7,-0.7,-1.4,0.1,"DET","rodneymcgruder"
"146",205,"Saben Lee",22,37,604,13.8,0.499,0.339,0.401,3.1,13,7.8,26.2,2.9,1.8,14.7,17.3,NA,0.3,0.7,0.9,0.073,NA,-1.9,1.5,-0.4,0.2,"DET","sabenlee"
"147",207,"Luka Garza",23,32,389,15.6,0.535,0.333,0.415,15.3,12.3,13.9,8.3,1.1,1.4,9.4,21.1,NA,0.5,0.2,0.8,0.093,NA,-0.5,-2,-2.5,-0.1,"DET","lukagarza"
"148",208,"Isaiah Livers",23,19,383,11.1,0.629,0.711,0.156,4,12.5,8,8,1.7,1.6,13.5,12.4,NA,0.4,0.3,0.7,0.085,NA,-1.3,-0.2,-1.5,0,"DET","isaiahlivers"
"149",210,"Jamorko Pickett",24,13,176,7.6,0.491,0.78,0.04,3.5,16.8,9.8,5.8,0,3.6,8.9,13.6,NA,0,0.1,0.1,0.015,NA,-2.8,-2.1,-5,-0.1,"DET","jamorkopickett"
"150",211,"Cassius Stanley",22,9,155,8,0.516,0.37,0.217,3.3,10.3,6.6,3.9,1.6,1.2,10.6,15.6,NA,0,0.1,0.1,0.021,NA,-4.9,-1,-5.8,-0.2,"DET","cassiusstanley"
"151",212,"Derrick Walton",26,3,108,5.9,0.342,0.5,0.154,1.9,8.4,5,26.4,3.2,3.3,28.4,15.4,NA,-0.3,0.1,-0.2,-0.071,NA,-5.3,1,-4.3,-0.1,"DET","derrickwalton"
"152",214,"Carsen Edwards",23,4,79,5.5,0.378,0.533,0.033,2.6,5.8,4.1,26.2,1.2,0,14.1,19.2,NA,-0.1,0,-0.1,-0.075,NA,-6,-3.4,-9.3,-0.1,"DET","carsenedwards"
"153",215,"Micah Potter",23,3,31,13.6,0.505,0.182,0.182,13.3,18.4,15.7,0,1.6,2.9,7.8,17.8,NA,0,0,0,0.073,NA,-4,-3,-7.1,0,"DET","micahpotter"
"154",216,"Cheick Diallo",25,3,31,12.3,0.517,0,0.75,13.3,29.4,20.9,0,1.6,0,8.6,16.1,NA,0,0,0.1,0.108,NA,-4.2,-3.3,-7.5,0,"DET","cheickdiallo"
"155",217,"Deividas Sirvydis",21,3,27,0.1,0.15,0.7,0,0,25.3,12,4.9,5.4,3.3,0,15.9,NA,-0.1,0.1,-0.1,-0.139,NA,-10.8,2.2,-8.7,0,"DET","deividassirvydis"
"156",218,"Trayvon Palmer",27,1,17,-5.7,0,0,0,0,13.4,6.4,0,0,0,50,5,NA,-0.1,0,0,-0.133,NA,-13.1,-1.8,-15,-0.1,"DET","trayvonpalmer"
"157",219,"Jaysean Paige",27,1,7,-22.2,0,0.667,0,0,16.3,7.7,18.1,0,0,25,24.5,NA,-0.1,0,-0.1,-0.574,NA,-25,-6.5,-31.5,0,"DET","jayseanpaige"
"158",220,"Andrew Wiggins",26,73,2329,15,0.56,0.392,0.231,4.1,10.9,7.6,10.8,1.6,2.1,9,23.1,NA,1.8,3.4,5.1,0.105,NA,0.3,0.1,0.4,1.4,"GSW","andrewwiggins"
"159",221,"Jordan Poole",22,76,2283,16.1,0.598,0.548,0.251,1.7,10.5,6.2,21,1.3,1,13.7,26,NA,3.1,2.9,6,0.126,NA,1.3,-0.3,1,1.7,"GSW","jordanpoole"
"160",222,"Stephen Curry",33,64,2211,21.4,0.601,0.613,0.243,1.7,14.4,8.3,30.4,1.9,1,13.2,30.8,NA,4.6,3.4,8,0.173,NA,5.4,0.4,5.8,4.4,"GSW","stephencurry"
"161",223,"Kevon Looney",25,82,1732,15.7,0.586,0.003,0.343,13.5,23.8,18.8,13.2,1.4,2.9,13.8,12.2,NA,3.5,3.2,6.8,0.187,NA,-0.9,1.7,0.9,1.3,"GSW","kevonlooney"
"162",224,"Otto Porter Jr.",28,63,1396,15.9,0.581,0.519,0.147,6.9,21,14.2,9.6,2.4,2,7.7,15,NA,2.2,2.7,4.9,0.168,NA,1,2.1,3.1,1.8,"GSW","ottoporterjr"
"163",225,"Draymond Green",31,46,1329,14.3,0.582,0.21,0.354,3.8,23.2,13.8,32.5,2.2,3.6,31.9,14.3,NA,0.8,2.8,3.6,0.131,NA,-1.4,4.6,3.2,1.8,"GSW","draymondgreen"
"164",226,"Damion Lee",29,63,1256,10.9,0.561,0.488,0.196,2.4,14.9,8.8,7.1,1.5,0.5,8.4,15.8,NA,0.9,1.8,2.7,0.102,NA,-2.4,0.4,-2,0,"GSW","damionlee"
"165",227,"Gary Payton II",29,71,1247,17.8,0.679,0.349,0.169,6.5,14.9,10.8,7.6,3.8,1.7,9.8,14.3,NA,2.5,2.6,5.2,0.199,NA,0.3,3.4,3.7,1.8,"GSW","garypaytonii"
"166",228,"Jonathan Kuminga",19,70,1185,15.2,0.6,0.324,0.413,5.1,16.1,10.8,8.4,1.3,1.8,12,22.7,NA,1.3,1.8,3,0.123,NA,-1.3,-0.2,-1.5,0.1,"GSW","jonathankuminga"
"167",229,"Nemanja Bjelica",33,71,1142,14.2,0.573,0.436,0.237,6.1,21.5,14.1,19.8,1.8,2.2,18.7,17.8,NA,1,2.1,3,0.128,NA,-0.9,2.3,1.4,1,"GSW","nemanjabjelica"
"168",230,"Juan Toscano-Anderson",28,73,994,11,0.561,0.37,0.298,3.2,15.8,9.7,17.6,2.4,1.6,20.4,14.7,NA,0.3,1.8,2,0.098,NA,-3.3,2.4,-0.8,0.3,"GSW","juantoscanoanderson"
"169",231,"Klay Thompson",31,32,941,16.7,0.547,0.517,0.089,1.8,12.4,7.3,16.1,0.8,1.7,6.7,29.6,NA,0.6,1.2,1.8,0.091,NA,2.6,-1.6,1.1,0.7,"GSW","klaythompson"
"170",232,"Moses Moody",19,52,607,10.5,0.573,0.601,0.197,3.2,11,7.2,5.3,0.6,1.6,6.1,15.2,NA,0.6,0.7,1.3,0.101,NA,-1.4,-1.1,-2.5,-0.1,"GSW","mosesmoody"
"171",233,"Andre Iguodala",38,31,603,12.3,0.478,0.612,0.165,3.9,13.9,9.1,24.7,2.2,3.5,17.7,11.4,NA,0.5,1.1,1.6,0.125,NA,-0.9,3.7,2.7,0.7,"GSW","andreiguodala"
"172",234,"Chris Chiozza",26,34,372,4.4,0.407,0.654,0.037,2.7,7.7,5.3,22.5,1.7,0,28,13.4,NA,-0.5,0.5,0,-0.004,NA,-5.7,-0.2,-6,-0.4,"GSW","chrischiozza"
"173",235,"Quinndary Weatherspoon",25,11,73,12,0.647,0.238,0.238,3.1,17.4,10.5,10.1,0.7,1.3,11.5,15.7,NA,0.1,0.1,0.2,0.148,NA,-4.5,0.1,-4.4,0,"GSW","quinndaryweatherspoon"
"174",237,"Jalen Green",19,67,2138,12.5,0.547,0.48,0.247,1.7,10,5.8,13.1,1,0.8,11.3,23.7,NA,0.5,0.2,0.7,0.015,NA,-0.5,-2.4,-2.9,-0.5,"HOU","jalengreen"
"175",238,"Christian Wood",26,68,2094,19.1,0.595,0.383,0.378,5.7,30.4,18,12.2,1.2,2.8,11,23.3,NA,2.9,2,4.9,0.112,NA,2.1,-0.4,1.6,1.9,"HOU","christianwood"
"176",239,"Jae'Sean Tate",26,78,2056,14.3,0.567,0.277,0.252,7.2,15.3,11.2,16.9,1.7,1.8,14.6,19.6,NA,1.9,1.1,3,0.071,NA,-1.3,-0.5,-1.8,0.1,"HOU","jaeseantate"
"177",240,"Kevin Porter Jr.",21,61,1907,13.5,0.531,0.511,0.239,2.5,13,7.7,30.7,1.7,1,17.7,24.1,NA,0,0.8,0.8,0.021,NA,-0.1,-1.6,-1.6,0.2,"HOU","kevinporterjr"
"178",241,"Garrison Mathews",25,65,1712,11,0.602,0.837,0.39,2,10.2,6.1,5.3,1.6,1.3,7.1,14.4,NA,2.2,0.5,2.8,0.078,NA,-1.3,-1,-2.3,-0.1,"HOU","garrisonmathews"
"179",242,"Eric Gordon",33,57,1669,12.1,0.614,0.534,0.239,1,6.5,3.7,14.1,0.8,1,14.6,18.6,NA,1.5,-0.1,1.4,0.04,NA,-0.1,-2.2,-2.3,-0.1,"HOU","ericgordon"
"180",243,"Kenyon Martin Jr.",21,79,1656,14.3,0.603,0.321,0.235,5.3,14.5,9.9,9.4,1,2.2,9.4,16.3,NA,2.3,0.6,2.9,0.084,NA,0,-1.2,-1.2,0.4,"HOU","kenyonmartinjr"
"181",244,"Alperen Şengün",19,72,1489,16,0.552,0.223,0.442,10.1,18.9,14.5,19.1,1.9,4.1,18.8,22,NA,0.8,1.3,2.1,0.068,NA,-1.6,0.6,-1,0.4,"HOU","alperenengn"
"182",245,"Josh Christopher",20,74,1334,12.2,0.534,0.378,0.226,4.3,11.1,7.7,17.3,2.3,0.9,17.2,21.1,NA,-0.4,0.7,0.3,0.01,NA,-2.2,-1.3,-3.5,-0.5,"HOU","joshchristopher"
"183",247,"David Nwaba",29,46,609,15.3,0.567,0.278,0.381,7.4,20,13.6,8.5,2.2,2.9,9.3,15.8,NA,0.8,0.5,1.3,0.105,NA,-0.6,0,-0.6,0.2,"HOU","davidnwaba"
"184",251,"Daishen Nix",19,24,261,8.1,0.48,0.388,0.448,2.9,11,6.9,21.5,2.7,0,24.5,17.3,NA,-0.3,0.1,-0.2,-0.033,NA,-5.4,-1,-6.4,-0.3,"HOU","daishennix"
"185",252,"Usman Garuba",19,24,239,12.9,0.51,0.455,0.159,9.6,28.7,19.1,9.6,2,4.1,11.3,9.4,NA,0.2,0.3,0.5,0.105,NA,-1.8,0.9,-0.9,0.1,"HOU","usmangaruba"
"186",255,"Trevelin Queen",24,10,74,18.2,0.619,0.727,0.121,10.3,13.4,11.9,8.8,3.2,1.2,16.8,23.9,NA,0.1,0.1,0.1,0.08,NA,2.7,-0.8,1.9,0.1,"HOU","trevelinqueen"
"187",257,"Oshae Brissett",23,67,1564,12.9,0.53,0.468,0.324,7.6,18.1,12.8,6.4,1.4,1.6,8.5,17.3,NA,1.4,0.9,2.2,0.069,NA,-0.5,-1.7,-2.2,-0.1,"IND","oshaebrissett"
"188",258,"Chris Duarte",24,55,1541,12.3,0.537,0.411,0.18,2.9,13.6,8.2,10.9,1.8,0.6,11.8,21.1,NA,0.2,0.7,0.9,0.029,NA,-1.2,-1.1,-2.3,-0.1,"IND","chrisduarte"
"189",260,"Myles Turner",25,42,1235,17.4,0.615,0.466,0.267,5.8,21.3,13.4,5.1,1.1,8.3,10.9,17.1,NA,1.7,1.4,3.1,0.12,NA,0.1,1.4,1.4,1.1,"IND","mylesturner"
"190",262,"Malcolm Brogdon",29,36,1206,18,0.557,0.343,0.308,3,14.3,8.6,26.9,1.2,1,11.1,24.6,NA,2.2,0.4,2.7,0.106,NA,2.8,-0.5,2.3,1.3,"IND","malcolmbrogdon"
"191",264,"Duane Washington Jr.",21,48,968,10.2,0.521,0.504,0.143,0.5,9.3,4.8,13,1.3,0.3,11.2,22.6,NA,-0.2,0.2,0,-0.002,NA,-1.9,-2.8,-4.8,-0.7,"IND","duanewashingtonjr"
"192",268,"Goga Bitadze",22,50,729,18,0.595,0.317,0.373,11.9,15.3,13.5,11.2,1.4,5,13.6,19.9,NA,1.3,0.6,1.9,0.122,NA,-0.2,-0.6,-0.8,0.2,"IND","gogabitadze"
"193",269,"Terry Taylor",22,33,714,19,0.656,0.173,0.232,14.6,12.2,13.4,8.6,1,1,8.7,15.9,NA,2.2,0.2,2.4,0.16,NA,2.2,-2.7,-0.6,0.3,"IND","terrytaylor"
"194",270,"T.J. McConnell",29,27,652,15.1,0.525,0.159,0.111,3.4,12.2,7.7,28.7,2.2,1.3,11.7,16.2,NA,1,0.4,1.3,0.098,NA,-0.4,1.4,0.9,0.5,"IND","tjmcconnell"
"195",272,"Keifer Sykes",28,32,566,5.9,0.456,0.474,0.089,1.5,7.4,4.4,14.9,1,0.6,14.3,17.4,NA,-0.5,0.1,-0.5,-0.04,NA,-4.4,-2.5,-6.9,-0.7,"IND","keifersykes"
"196",274,"Isaiah Jackson",20,36,541,20.5,0.607,0.078,0.427,12.2,18.7,15.4,2.9,2.3,8.4,14,22.5,NA,0.7,0.7,1.4,0.126,NA,-1.6,0.1,-1.5,0.1,"IND","isaiahjackson"
"197",279,"Gabe York",28,2,21,12.7,0.435,0.857,0.714,0,10.8,5.3,25.1,4.7,4.1,9.8,20.8,NA,0,0,0,0.059,NA,-3.7,2.2,-1.5,0,"IND","gabeyork"
"198",281,"Nate Hinton",22,2,2,-45.2,0,0,0,0,0,0,0,0,0,50,42.8,NA,-0.1,0,-0.1,-1.231,NA,-28.1,-14.5,-42.6,0,"IND","natehinton"
"199",282,"DeJon Jarreau",24,1,1,0,NA,NA,NA,0,0,0,0,0,0,NA,0,NA,0,0,0,-0.022,NA,-6.5,-1.5,-8,0,"IND","dejonjarreau"
"200",283,"Ahmad Caver",25,1,1,76.2,1,0,0,0,0,0,0,0,0,0,42.8,NA,0,0,0,1.204,NA,31,5.9,36.9,0,"IND","ahmadcaver"
"201",284,"Reggie Jackson",31,75,2337,12.1,0.488,0.419,0.133,1.8,10.2,6.1,24.6,1.2,0.5,11.8,27.6,NA,-1.7,2,0.4,0.008,NA,-1.4,-1.6,-3,-0.6,"LAC","reggiejackson"
"202",285,"Terance Mann",25,81,2317,13.4,0.572,0.301,0.238,4.9,14.3,9.7,13.1,1.2,0.8,9.9,16,NA,3.1,2.4,5.5,0.113,NA,-0.8,0.2,-0.6,0.8,"LAC","terancemann"
"203",286,"Luke Kennard",25,70,1919,13.3,0.619,0.662,0.121,1.1,11.2,6.3,11.2,1.1,0.3,8.2,16.8,NA,2.8,1.7,4.5,0.113,NA,0.8,-0.3,0.5,1.2,"LAC","lukekennard"
"204",287,"Ivica Zubac",24,76,1852,19.2,0.66,0,0.459,12.8,23.7,18.4,9.8,1,3.5,16.1,16.8,NA,4.3,2.9,7.2,0.187,NA,-0.1,0.8,0.7,1.3,"LAC","ivicazubac"
"205",288,"Amir Coffey",24,69,1567,13,0.598,0.545,0.251,1.8,11.2,6.7,11.4,1.2,0.8,8,15.8,NA,2.3,1.5,3.8,0.116,NA,-0.3,0,-0.3,0.7,"LAC","amircoffey"
"206",289,"Marcus Morris",32,54,1564,13.7,0.549,0.398,0.214,1.8,14,8.1,11.3,0.9,1,8.4,23.2,NA,0.9,1.5,2.4,0.074,NA,-0.3,-1,-1.4,0.3,"LAC","marcusmorris"
"207",290,"Nicolas Batum",33,59,1462,13.5,0.608,0.698,0.098,2.2,15.8,9.2,9.7,1.9,2.4,9,13.3,NA,1.6,2.1,3.7,0.123,NA,0.5,1.8,2.3,1.6,"LAC","nicolasbatum"
"208",291,"Eric Bledsoe",32,54,1361,12.5,0.514,0.348,0.25,2.2,11.6,7.1,24.1,2.5,1.2,18.3,20.5,NA,-0.5,1.8,1.3,0.047,NA,-2.1,1.3,-0.8,0.4,"LAC","ericbledsoe"
"209",292,"Isaiah Hartenstein",23,68,1216,22,0.664,0.082,0.361,10.5,18.2,14.5,20.5,2,5.4,16.5,18.4,NA,3.3,2.2,5.5,0.215,NA,1.4,3.1,4.5,2,"LAC","isaiahhartenstein"
"210",293,"Paul George",31,31,1077,18.6,0.538,0.404,0.233,1.2,19.2,10.5,28.1,3,1,15.2,33.7,NA,-0.6,1.9,1.3,0.057,NA,1.8,1.9,3.7,1.6,"LAC","paulgeorge"
"211",294,"Brandon Boston Jr.",20,51,760,11.2,0.481,0.342,0.222,2.4,12.7,7.7,10.1,1.7,1.5,8,22.4,NA,-0.5,0.9,0.4,0.026,NA,-3,-0.4,-3.3,-0.3,"LAC","brandonbostonjr"
"212",298,"Xavier Moon",27,10,137,16.2,0.545,0.275,0.098,1.6,9,5.4,27,2.5,1.9,10.1,19,NA,0.2,0.2,0.3,0.121,NA,-1.1,1,-0.1,0.1,"LAC","xaviermoon"
"213",302,"Jay Scrubb",21,18,121,9.3,0.486,0.457,0.217,1.8,11.9,7,9.7,1.6,2.1,12.2,20.8,NA,-0.1,0.1,0,0.002,NA,-4.4,-0.4,-4.8,-0.1,"LAC","jayscrubb"
"214",307,"Russell Westbrook",33,78,2678,15,0.512,0.215,0.324,4.4,18.8,11.6,31.6,1.3,0.7,17.3,27.3,NA,-0.6,2.3,1.7,0.03,NA,-0.7,-0.9,-1.6,0.2,"LAL","russellwestbrook"
"215",308,"Malik Monk",23,76,2139,14.4,0.597,0.535,0.142,1.9,11,6.4,15.2,1.4,1.2,12.2,20.1,NA,2.3,1.4,3.6,0.081,NA,0.5,-1,-0.5,0.8,"LAL","malikmonk"
"216",309,"LeBron James",37,56,2084,26.2,0.619,0.367,0.275,3.3,20.4,11.8,30.6,1.7,2.5,12.5,32.3,NA,5.2,2.3,7.5,0.172,NA,6.9,0.8,7.7,5.1,"LAL","lebronjames"
"217",310,"Carmelo Anthony",37,69,1793,14.8,0.579,0.549,0.22,3.7,13.5,8.6,5.6,1.3,2.6,6.9,20.4,NA,2.2,1.4,3.6,0.097,NA,0.4,-0.8,-0.5,0.7,"LAL","carmeloanthony"
"218",311,"Talen Horton-Tucker",21,60,1511,11,0.503,0.338,0.232,2.6,11.1,6.9,14.9,1.9,1.7,12.1,19.2,NA,-0.2,1.2,1.1,0.033,NA,-3.2,-0.2,-3.3,-0.5,"LAL","talenhortontucker"
"219",312,"Austin Reaves",23,61,1418,11.5,0.6,0.525,0.371,3.4,11.2,7.3,10.3,1,1.3,9.8,12.4,NA,2.1,0.8,2.9,0.097,NA,-1.3,-0.6,-1.9,0,"LAL","austinreaves"
"220",313,"Avery Bradley",31,62,1406,7.8,0.55,0.6,0.051,2.4,8,5.2,4.5,1.8,0.6,9.6,12.1,NA,0.3,0.9,1.2,0.04,NA,-3.5,-0.1,-3.6,-0.6,"LAL","averybradley"
"221",314,"Anthony Davis",28,40,1404,23.9,0.578,0.101,0.351,8.1,22,15.1,14.7,1.7,5.7,9.3,27.1,NA,2.6,2,4.5,0.155,NA,2.6,1.2,3.8,2,"LAL","anthonydavis"
"222",315,"Stanley Johnson",25,48,1094,10.5,0.564,0.418,0.295,3.4,11.9,7.6,9.8,1.9,1.1,11,12.5,NA,0.9,0.9,1.8,0.079,NA,-2.8,0.1,-2.7,-0.2,"LAL","stanleyjohnson"
"223",316,"Dwight Howard",36,60,971,18.2,0.657,0.068,0.667,13.1,26.3,19.7,5,1.7,3.3,14.2,14.6,NA,2.2,1.3,3.5,0.174,NA,-0.2,0,-0.2,0.4,"LAL","dwighthoward"
"224",317,"Wayne Ellington",34,43,810,9.9,0.593,0.89,0.046,1.3,8.9,5.1,5,1.4,0.5,7.3,13.8,NA,0.6,0.4,1,0.062,NA,-0.7,-0.6,-1.4,0.1,"LAL","wayneellington"
"225",318,"Kent Bazemore",32,39,545,6,0.451,0.576,0.122,2.6,11,6.8,8.1,2.2,1.5,12.5,13.2,NA,-0.4,0.5,0.1,0.006,NA,-5.1,0.8,-4.3,-0.3,"LAL","kentbazemore"
"226",319,"Trevor Ariza",36,24,462,7,0.449,0.747,0.182,2.3,16.7,9.5,7.5,1.3,1.2,9.3,11,NA,-0.2,0.4,0.2,0.02,NA,-3.3,-0.2,-3.4,-0.2,"LAL","trevorariza"
"227",325,"Mason Jones",23,4,51,17.8,0.625,0.267,1,2.1,18.9,10.5,10.9,1.9,0,4.4,19,NA,0.2,0,0.2,0.201,NA,-1.2,0.3,-0.9,0,"LAL","masonjones"
"228",326,"Darren Collison",34,3,37,-0.2,0.286,0.429,0,0,11.6,5.8,6.8,1.3,0,12.5,9.3,NA,-0.1,0,-0.1,-0.07,NA,-10,-0.9,-10.9,-0.1,"LAL","darrencollison"
"229",329,"Jay Huff",23,4,20,0.6,0,0.667,0,5.4,16.1,10.8,5.9,2.4,4.5,25,8.6,NA,-0.1,0,0,-0.117,NA,-8.3,0.9,-7.4,0,"LAL","jayhuff"
"230",330,"Sekou Doumbouya",21,2,16,40.7,0.717,0.25,0.5,13.5,26.8,20.2,0,9,11.1,17,31.6,NA,0,0.1,0.1,0.3,NA,8.8,10,18.8,0.1,"LAL","sekoudoumbouya"
"231",331,"Jemerrio Jones",26,2,15,14.8,0.667,0,0,14.4,7.1,10.8,0,3.2,0,0,8.6,NA,0,0,0.1,0.17,NA,-1.1,0.1,-1,0,"LAL","jemerriojones"
"232",332,"Desmond Bane",23,76,2266,17.6,0.592,0.475,0.141,2.1,13.6,7.7,13.5,1.9,1.1,8.7,23.1,NA,4.5,2.7,7.2,0.153,NA,2.5,0.3,2.7,2.7,"MEM","desmondbane"
"233",333,"Jaren Jackson Jr.",22,78,2126,17,0.535,0.387,0.333,5.7,16.9,11.2,5.8,1.6,7.4,9.9,25.4,NA,1.7,3.7,5.4,0.121,NA,-0.9,0.8,-0.1,1,"MEM","jarenjacksonjr"
"234",334,"Steven Adams",28,76,1999,17.6,0.56,0.003,0.518,17.9,22,19.9,16.1,1.6,2.7,19.6,12,NA,3.8,3,6.8,0.163,NA,1,1,2,2,"MEM","stevenadams"
"235",335,"Ja Morant",22,57,1889,24.4,0.575,0.218,0.353,4.2,14.1,9,34.1,1.7,1,12.6,33.7,NA,4.6,2.1,6.7,0.171,NA,6.2,-0.1,6.1,3.9,"MEM","jamorant"
"236",336,"De'Anthony Melton",23,73,1657,15.2,0.529,0.535,0.173,4,17.1,10.4,16,3,2.1,13,21.3,NA,0.9,2.8,3.7,0.107,NA,0.3,1.6,1.9,1.6,"MEM","deanthonymelton"
"237",337,"Tyus Jones",25,73,1549,16.5,0.544,0.371,0.12,1.1,11,5.9,28.2,2,0.1,7.3,16.6,NA,3.4,1.6,5.1,0.158,NA,1.2,0.5,1.7,1.4,"MEM","tyusjones"
"238",338,"Kyle Anderson",28,69,1484,14.4,0.506,0.232,0.224,4.8,21.6,13,16.2,2.5,2.7,12.1,16.2,NA,1,2.5,3.5,0.113,NA,-0.9,2.1,1.2,1.2,"MEM","kyleanderson"
"239",339,"Ziaire Williams",20,62,1346,9.7,0.559,0.571,0.13,2,8.2,5,6.3,1.2,0.8,8.4,14.9,NA,1.1,1.1,2.2,0.08,NA,-2.4,-0.6,-3,-0.3,"MEM","ziairewilliams"
"240",340,"John Konchar",25,72,1292,14,0.615,0.481,0.187,6.9,20.1,13.3,10.6,1.7,1.5,9.3,9.9,NA,2.4,1.8,4.2,0.155,NA,0.2,1.3,1.5,1.2,"MEM","johnkonchar"
"241",341,"Brandon Clarke",25,64,1246,23.7,0.66,0.049,0.291,11.1,17.8,14.4,10.3,1.5,4.9,6.3,17.7,NA,4.4,1.9,6.3,0.241,NA,3.1,1.1,4.2,2,"MEM","brandonclarke"
"242",342,"Dillon Brooks",26,32,885,15.5,0.515,0.283,0.202,3.4,8.8,6,15.4,1.9,0.8,8,28.8,NA,0.7,0.9,1.6,0.087,NA,-1,-0.8,-1.8,0,"MEM","dillonbrooks"
"243",343,"Xavier Tillman Sr.",23,53,701,15.1,0.51,0.227,0.329,9.6,14.5,12,11.6,3.3,1.9,12.1,16.4,NA,0.6,1.2,1.8,0.121,NA,-1.1,1.8,0.7,0.5,"MEM","xaviertillmansr"
"244",344,"Killian Tillie",23,36,461,7.6,0.452,0.677,0.063,4.7,9.1,6.8,5.9,2.4,2.9,9.1,12.8,NA,-0.1,0.6,0.6,0.058,NA,-3.8,1.1,-2.7,-0.1,"MEM","killiantillie"
"245",345,"Santi Aldama",21,32,360,10.2,0.452,0.364,0.242,9.4,16.1,12.6,7.7,0.8,2.5,9.9,18.4,NA,-0.1,0.4,0.3,0.044,NA,-4.2,-1.5,-5.7,-0.3,"MEM","santialdama"
"246",346,"Jarrett Culver",22,37,338,8.7,0.433,0.348,0.252,3.9,11.1,7.4,13,2.8,1.3,11.8,20.6,NA,-0.4,0.5,0.1,0.012,NA,-5.7,0.3,-5.4,-0.3,"MEM","jarrettculver"
"247",347,"Yves Pons",22,12,71,5.9,0.385,0.563,0.125,7.2,10.6,8.8,1.7,0.7,5,5.6,10.3,NA,0,0.1,0,0.03,NA,-4.9,-1.7,-6.6,-0.1,"MEM","yvespons"
"248",348,"Sam Merrill",25,6,58,7.5,0.485,0.958,0.167,1.8,11.1,6.3,9,0,0,7.2,19.6,NA,0,0,0,0.029,NA,-2.2,-3.4,-5.6,-0.1,"MEM","sammerrill"
"249",349,"Dakota Mathias",26,6,16,11,0.5,1,0,0,13.4,6.5,8,3,0,0,15.4,NA,0,0,0,0.114,NA,-1.4,1.7,0.3,0,"MEM","dakotamathias"
"250",350,"Shaq Buchanan",25,2,10,0.6,0.25,0.5,0,10.2,10.7,10.5,24.9,4.8,0,33.3,24.6,NA,-0.1,0,0,-0.23,NA,-11,0.3,-10.7,0,"MEM","shaqbuchanan"
"251",351,"DaQuan Jeffries",24,3,9,8.4,0.5,0.5,0,0,23.8,11.6,14,0,0,0,9.1,NA,0,0,0,0.099,NA,-5.8,0.9,-4.9,0,"MEM","daquanjeffries"
"252",353,"Jon Teske",24,3,8,1.5,0,0,2,0,26.8,13.1,13.8,6,0,0,9.6,NA,0,0,0,-0.08,NA,-8.5,3.7,-4.8,0,"MEM","jonteske"
"253",354,"Tyrell Terry",21,2,3,20,1,0,0,0,0,0,0,0,0,0,13.7,NA,0,0,0,0.222,NA,-3.4,2.5,-1,0,"MEM","tyrellterry"
"254",355,"Tyler Herro",22,66,2151,16.2,0.561,0.391,0.195,1.7,15.4,8.7,20.9,1,0.4,12.5,28.8,NA,1.3,2.4,3.8,0.084,NA,1.6,-0.9,0.7,1.5,"MIA","tylerherro"
"255",356,"Kyle Lowry",35,63,2133,15,0.6,0.609,0.278,1.8,13,7.5,32.3,1.6,0.8,19.3,18.2,NA,3.7,2.7,6.4,0.143,NA,1.1,0.8,2,2.1,"MIA","kylelowry"
"256",357,"Duncan Robinson",27,79,2043,10.6,0.573,0.86,0.084,1.4,9.8,5.6,9.3,1,0.7,7.4,17.7,NA,1.9,2,3.9,0.092,NA,-0.3,-0.3,-0.6,0.7,"MIA","duncanrobinson"
"257",358,"P.J. Tucker",36,71,1981,11.3,0.593,0.451,0.143,5.8,16.2,11.1,10.6,1.5,0.8,12.7,11.7,NA,2.4,2.6,5,0.121,NA,-0.8,1.4,0.6,1.3,"MIA","pjtucker"
"258",359,"Jimmy Butler",32,57,1931,23.6,0.592,0.14,0.549,6.1,13.5,9.9,26.4,2.4,1.5,10.5,26.5,NA,6.2,2.9,9.2,0.228,NA,4.5,1.9,6.3,4,"MIA","jimmybutler"
"259",360,"Bam Adebayo",24,56,1825,21.8,0.608,0.008,0.466,8.7,26.1,17.5,17.5,2.2,2.6,14.4,25,NA,3.6,3.5,7.2,0.188,NA,1.7,2.1,3.8,2.7,"MIA","bamadebayo"
"260",361,"Gabe Vincent",25,68,1589,10.6,0.551,0.63,0.105,1.6,7.3,4.5,19.4,2,0.8,15.4,17.8,NA,0.7,1.9,2.5,0.076,NA,-1.9,0.5,-1.4,0.2,"MIA","gabevincent"
"261",362,"Max Strus",25,68,1587,12.7,0.614,0.784,0.094,1.7,12.5,7.2,8.8,0.9,1.1,8.8,18.1,NA,2,1.7,3.6,0.11,NA,1.4,-0.4,0.9,1.2,"MIA","maxstrus"
"262",363,"Caleb Martin",26,60,1372,14.8,0.611,0.378,0.227,5.9,13,9.5,7,2.1,2.3,10.3,16.3,NA,1.9,2.1,4,0.139,NA,0.1,0.9,1.1,1.1,"MIA","calebmartin"
"263",364,"Dewayne Dedmon",32,67,1065,15.9,0.632,0.162,0.345,11.4,29.4,20.6,6.7,1.1,4.2,17.3,16.9,NA,1.5,2,3.5,0.157,NA,-2.2,1.1,-1,0.3,"MIA","dewaynededmon"
"264",365,"Omer Yurtseven",23,56,706,17.4,0.546,0.045,0.247,13.9,33,23.6,11,1.2,3,13,19.9,NA,0.8,1.4,2.1,0.145,NA,-1.4,0.4,-1,0.2,"MIA","omeryurtseven"
"265",366,"Markieff Morris",32,17,298,10.9,0.547,0.342,0.079,6.6,10.5,8.6,12.1,1,0.4,14.5,20.6,NA,0,0.3,0.3,0.054,NA,-1.5,-0.4,-1.9,0,"MIA","markieffmorris"
"266",367,"KZ Okpala",22,21,244,10.4,0.521,0.377,0.159,5.2,13.7,9.5,8.3,0.8,3,6.3,14.4,NA,0.2,0.3,0.5,0.097,NA,-3.2,0.4,-2.8,-0.1,"MIA","kzokpala"
"267",368,"Kyle Guy",24,19,186,9.5,0.526,0.615,0.185,2.5,7.8,5.2,13.5,1.9,0.6,15.6,19.9,NA,-0.1,0.2,0.1,0.035,NA,-3.1,-0.3,-3.4,-0.1,"MIA","kyleguy"
"268",369,"Victor Oladipo",29,8,173,16.8,0.608,0.493,0.26,2,12.9,7.5,26.3,1.4,0.6,16.4,25.1,NA,0.2,0.2,0.4,0.124,NA,1.8,-0.5,1.3,0.1,"MIA","victoroladipo"
"269",370,"Haywood Highsmith",25,19,163,7,0.446,0.609,0.109,7.1,10.9,9,5.1,0.6,1.9,5.9,14,NA,0,0.2,0.1,0.041,NA,-3.3,-1.3,-4.6,-0.1,"MIA","haywoodhighsmith"
"270",371,"Marcus Garrett",23,12,128,4.7,0.28,0.19,0.238,8.1,12.2,10.2,7,2,2.5,7.9,8.8,NA,-0.1,0.2,0.1,0.032,NA,-6.4,1,-5.4,-0.1,"MIA","marcusgarrett"
"271",373,"Udonis Haslem",41,13,83,8.6,0.495,0.129,0.097,5.6,28.2,17.1,7.4,0.6,1.3,13.4,20,NA,-0.1,0.1,0.1,0.033,NA,-6.4,-0.7,-7.1,-0.1,"MIA","udonishaslem"
"272",377,"Jrue Holiday",31,67,2207,19.8,0.593,0.336,0.189,3.4,10.9,7.2,31.8,2.4,1.3,15,23.5,NA,4.5,2.4,6.9,0.15,NA,2.9,0.3,3.2,2.9,"MIL","jrueholiday"
"273",378,"Giannis Antetokounmpo",27,67,2204,32.1,0.633,0.194,0.615,6.6,30.4,18.7,31.7,1.6,4,12.2,34.9,NA,9.2,3.7,12.9,0.281,NA,7.6,3.5,11.2,7.4,"MIL","giannisantetokounmpo"
"274",379,"Khris Middleton",30,66,2141,18.1,0.577,0.425,0.285,2.1,15.3,8.8,25.5,1.7,0.8,14.2,26.7,NA,3.2,2.2,5.3,0.119,NA,1.9,-0.3,1.6,1.9,"MIL","khrismiddleton"
"275",380,"Bobby Portis",26,72,2028,17.7,0.571,0.388,0.13,9.6,24.4,17.2,6.4,1.3,2.4,8.9,21.3,NA,2.9,2.6,5.5,0.131,NA,1.2,-1,0.2,1.1,"MIL","bobbyportis"
"276",381,"Grayson Allen",26,66,1805,12.7,0.609,0.684,0.13,1.9,10.9,6.5,7.6,1.2,1,6.7,15.2,NA,2.8,1.4,4.2,0.11,NA,0.6,-0.2,0.4,1.1,"MIL","graysonallen"
"277",382,"Pat Connaughton",29,65,1691,13.4,0.62,0.746,0.109,2.9,14,8.6,6.6,1.7,0.9,6.3,14,NA,2.8,1.6,4.4,0.125,NA,0.8,0.3,1.2,1.4,"MIL","patconnaughton"
"278",383,"George Hill",35,54,1253,10.2,0.552,0.487,0.225,3.3,9.7,6.6,12.4,1.6,0.5,11.9,11.7,NA,1.3,1,2.3,0.087,NA,-2.2,0.6,-1.6,0.1,"MIL","georgehill"
"279",384,"Jordan Nwora",23,62,1185,9.9,0.506,0.491,0.093,3.4,16.1,9.9,7,1,1.4,10.6,19.4,NA,-0.4,1.1,0.6,0.025,NA,-2.7,-1.5,-4.1,-0.6,"MIL","jordannwora"
"280",385,"Wesley Matthews",35,49,1002,6.9,0.536,0.714,0.127,3.2,6.4,4.9,4.6,1.1,0.8,7.2,10.7,NA,0.6,0.6,1.2,0.056,NA,-3,-0.3,-3.3,-0.3,"MIL","wesleymatthews"
"281",387,"Thanasis Antetokounmpo",29,48,473,12.5,0.577,0.109,0.359,9.2,13.4,11.3,6.5,1.6,2.4,14.9,15.7,NA,0.4,0.5,0.9,0.095,NA,-3.5,-0.1,-3.5,-0.2,"MIL","thanasisantetokounmpo"
"282",388,"Sandro Mamukelashvili",22,41,407,14.7,0.618,0.452,0.191,9.3,12,10.7,7.4,1.1,2.1,10.7,14.6,NA,0.8,0.3,1.1,0.135,NA,0.6,-1,-0.3,0.2,"MIL","sandromamukelashvili"
"283",393,"Brook Lopez",33,13,298,16,0.57,0.405,0.176,6.9,11.9,9.4,3,1.3,4.8,7.8,21.9,NA,0.3,0.3,0.7,0.108,NA,-0.7,-0.7,-1.3,0.1,"MIL","brooklopez"
"284",395,"Lindell Wigginton",23,19,199,10.2,0.524,0.426,0.574,1.6,11.5,6.7,15.7,1.2,0.5,13.6,19,NA,0,0.1,0.2,0.044,NA,-3.2,-1.9,-5,-0.2,"MIL","lindellwigginton"
"285",405,"Javin DeLaurier",23,1,3,15.6,NA,NA,NA,0,34.6,17.7,0,16,0,NA,0,NA,0,0,0,0.26,NA,-4.8,11.8,7,0,"MIL","javindelaurier"
"286",406,"Karl-Anthony Towns",26,74,2476,24.1,0.64,0.301,0.385,8.2,23.6,15.7,18,1.4,3.2,13.7,27.8,NA,7.1,3.2,10.3,0.199,NA,4.5,0.5,5,4.4,"MIN","karlanthonytowns"
"287",407,"Anthony Edwards",20,72,2466,16.5,0.56,0.484,0.225,2.6,12.5,7.5,17.4,2,1.8,12.2,26.4,NA,1.8,2.4,4.3,0.084,NA,1.6,-0.4,1.2,2,"MIN","anthonyedwards"
"288",408,"D'Angelo Russell",25,65,2077,16.3,0.544,0.531,0.246,1.3,10.1,5.6,33.1,1.4,1,13.2,25.1,NA,2.9,1.5,4.4,0.101,NA,2.2,-1.5,0.8,1.4,"MIN","dangelorussell"
"289",409,"Malik Beasley",25,79,1976,11.9,0.544,0.749,0.071,1.4,11.2,6.2,8.5,1,0.6,4.7,19.4,NA,1.7,1.2,2.9,0.069,NA,0.7,-1.5,-0.7,0.7,"MIN","malikbeasley"
"290",410,"Jarred Vanderbilt",22,74,1880,15.3,0.612,0.039,0.363,12,23.9,17.8,6.7,2.5,2.4,14.8,10.9,NA,3.1,2.9,6,0.153,NA,-0.8,1,0.2,1.1,"MIN","jarredvanderbilt"
"291",411,"Jaden McDaniels",21,70,1803,10.3,0.553,0.455,0.128,4.4,13.2,8.7,6.1,1.4,2.9,11.4,15.3,NA,0.7,1.7,2.4,0.065,NA,-2.9,-0.1,-2.9,-0.4,"MIN","jadenmcdaniels"
"292",412,"Patrick Beverley",33,58,1476,14.8,0.539,0.555,0.305,4.4,13.2,8.7,24.5,2.2,3.4,12.9,16.1,NA,2.3,1.7,4.1,0.132,NA,0.6,2.1,2.7,1.7,"MIN","patrickbeverley"
"293",413,"Naz Reid",22,77,1215,17.2,0.588,0.349,0.313,8.8,18,13.3,8.7,1.6,5.6,13.2,21.4,NA,1.5,1.6,3.2,0.125,NA,-0.5,0.5,0,0.6,"MIN","nazreid"
"294",414,"Taurean Prince",27,69,1177,12.4,0.589,0.587,0.21,2.3,13.8,7.9,8.1,1.9,1.9,11.1,17,NA,1,1.2,2.2,0.09,NA,-1,0,-0.9,0.3,"MIN","taureanprince"
"295",415,"Jaylen Nowell",22,62,975,16.8,0.581,0.387,0.223,2.4,11.4,6.8,20.2,1.3,1,7.4,21,NA,2.1,0.7,2.8,0.138,NA,1.5,-0.7,0.8,0.7,"MIN","jaylennowell"
"296",416,"Jordan McLaughlin",25,62,902,13.4,0.535,0.425,0.2,2.6,8.8,5.6,26.1,3,1.1,14.9,11.8,NA,1.3,1,2.3,0.123,NA,-1.2,1.6,0.4,0.6,"MIN","jordanmclaughlin"
"297",417,"Josh Okogie",23,49,516,9,0.526,0.452,0.49,5.9,8.7,7.3,6.2,2.4,2.2,15.4,12.1,NA,0.1,0.5,0.7,0.062,NA,-3.7,0.9,-2.7,-0.1,"MIN","joshokogie"
"298",418,"Nathan Knight",24,37,267,18.7,0.603,0.148,0.682,12.5,21.8,17.1,11.9,1.2,2.9,13.6,20.7,NA,0.6,0.3,1,0.171,NA,-0.7,0.1,-0.6,0.1,"MIN","nathanknight"
"299",419,"Leandro Bolmaro",21,35,241,5.4,0.419,0.333,0.241,6.9,12.3,9.6,11,1.2,0,17.9,12.6,NA,-0.1,0.2,0,0.004,NA,-5.1,-0.7,-5.8,-0.2,"MIN","leandrobolmaro"
"300",420,"Jake Layman",27,34,231,9,0.5,0.479,0.247,2.7,14.3,8.4,5.3,1.4,2.1,11,16.4,NA,-0.1,0.2,0.1,0.024,NA,-3.3,-0.6,-3.9,-0.1,"MIN","jakelayman"
"301",422,"McKinley Wright IV",23,5,19,9.5,0.833,0.667,0,0,0,0,20.9,0,0,25,8.8,NA,0,0,0,0.092,NA,-1.4,-2.8,-4.2,0,"MIN","mckinleywrightiv"
"302",424,"Herbert Jones",23,78,2335,12.3,0.573,0.293,0.283,4.5,9.6,7,10,2.7,2.5,13.4,13.7,NA,2.1,2.5,4.6,0.096,NA,-2,1.5,-0.5,0.9,"NOP","herbertjones"
"303",425,"Jonas Valančiūnas",29,74,2240,21.2,0.617,0.168,0.308,10.9,31.2,20.8,14,0.9,2.6,14.4,23.8,NA,4.6,2.7,7.3,0.156,NA,2,-0.1,1.9,2.2,"NOP","jonasvalaninas"
"304",426,"Devonte' Graham",26,76,2162,12.1,0.514,0.691,0.172,1.9,7.3,4.5,21,1.6,0.5,10.7,19.5,NA,1.6,1.2,2.8,0.062,NA,0.2,-1.2,-1,0.5,"NOP","devontegraham"
"305",427,"Brandon Ingram",24,55,1869,18.7,0.554,0.23,0.328,2,17.3,9.5,27.8,0.9,1.3,11.8,29.3,NA,2.5,1.3,3.9,0.099,NA,2.6,-0.6,2,1.9,"NOP","brandoningram"
"306",428,"Jaxson Hayes",21,70,1398,18.5,0.68,0.143,0.472,8.9,16.2,12.5,4.7,1.2,3.8,10.1,16.4,NA,3.7,1.3,5.1,0.174,NA,0.6,-0.3,0.2,0.8,"NOP","jaxsonhayes"
"307",431,"Garrett Temple",35,59,1098,8.6,0.494,0.627,0.139,2.9,11.8,7.2,9.2,1.9,2,11.8,13.9,NA,-0.1,1,0.8,0.037,NA,-2.8,0.3,-2.5,-0.1,"NOP","garretttemple"
"308",433,"Trey Murphy III",21,62,864,12.5,0.558,0.671,0.184,5.9,13.1,9.4,6.2,1.3,0.8,5.1,15.7,NA,1.3,0.6,1.9,0.104,NA,0.2,-1.4,-1.2,0.2,"NOP","treymurphyiii"
"309",434,"Willy Hernangómez",27,50,839,22.2,0.582,0.037,0.431,18.5,26.3,22.3,11.9,1.2,2.2,11.6,22.5,NA,2.2,0.9,3.2,0.18,NA,1.8,-1.5,0.2,0.5,"NOP","willyhernangmez"
"310",435,"Jose Alvarado",23,54,834,16.4,0.52,0.374,0.18,3.2,10.2,6.6,26.9,4.2,0.8,11.2,18.4,NA,1,1.1,2.1,0.121,NA,-0.5,2.4,1.9,0.8,"NOP","josealvarado"
"311",436,"Naji Marshall",24,55,735,12.3,0.505,0.39,0.346,5.6,16,10.7,12.3,2.2,1,12.9,20.8,NA,0,0.7,0.8,0.05,NA,-2.7,-0.5,-3.2,-0.2,"NOP","najimarshall"
"312",438,"Gary Clark",27,38,378,11.4,0.547,0.795,0.114,6.6,20.1,13.2,6.4,1.7,1.8,9.8,11.6,NA,0.3,0.4,0.7,0.092,NA,0.1,0,0.1,0.2,"NOP","garyclark"
"313",439,"Kira Lewis Jr.",20,24,341,9.8,0.466,0.397,0.082,2.9,10,6.3,21.7,1.6,0.3,14.7,22.3,NA,-0.3,0.2,-0.1,-0.017,NA,-2.8,-1.2,-4,-0.2,"NOP","kiralewisjr"
"314",442,"Tyrone Wallace",27,6,75,2.5,0.383,0.4,0.25,0,12.1,5.9,1.8,2,1.3,8.3,13.9,NA,-0.2,0.1,-0.1,-0.057,NA,-7.7,-0.6,-8.2,-0.1,"NOP","tyronewallace"
"315",443,"Jared Harper",24,5,43,36.9,0.666,0.462,0.154,5,0,2.6,64.1,4.6,2.2,6.7,29.7,NA,0.3,0.1,0.4,0.422,NA,14.2,3.1,17.3,0.2,"NOP","jaredharper"
"316",446,"Julius Randle",27,72,2544,15.7,0.509,0.313,0.322,5.2,25.5,15.1,25.1,1,1.5,14.7,28.7,NA,-0.3,3.4,3.1,0.059,NA,0.4,0.2,0.5,1.6,"NYK","juliusrandle"
"317",447,"RJ Barrett",21,70,2417,13.7,0.511,0.338,0.34,2.9,15.5,9.1,14.9,0.9,0.7,9.9,27.6,NA,0.1,2.2,2.3,0.046,NA,-0.3,-1.3,-1.6,0.2,"NYK","rjbarrett"
"318",448,"Evan Fournier",29,80,2358,12.3,0.554,0.641,0.117,1.5,8.2,4.8,11.9,1.7,0.8,9.4,20.8,NA,1.5,2.2,3.7,0.075,NA,-0.4,-0.3,-0.7,0.7,"NYK","evanfournier"
"319",449,"Alec Burks",30,81,2318,13.7,0.559,0.534,0.363,2.1,16.6,9.2,15.7,1.8,1.1,9.7,17.7,NA,3.2,2.9,6.1,0.126,NA,-0.4,1.2,0.8,1.7,"NYK","alecburks"
"320",450,"Mitchell Robinson",23,72,1848,20.7,0.722,0,0.528,16.8,19.1,17.9,3.2,1.6,7.1,12.4,11.4,NA,5.3,3.2,8.5,0.221,NA,1,1.2,2.2,2,"NYK","mitchellrobinson"
"321",451,"Immanuel Quickley",22,78,1802,14.6,0.543,0.547,0.278,1.8,13.1,7.4,24.5,1.5,0.2,10.9,22.2,NA,2.5,1.8,4.2,0.113,NA,0.2,0,0.2,1,"NYK","immanuelquickley"
"322",452,"Obi Toppin",23,72,1230,18.3,0.614,0.357,0.262,5.9,17.7,11.7,10.9,1,2.6,9.6,20.8,NA,2.5,1.5,3.9,0.153,NA,1.7,0.3,2,1.2,"NYK","obitoppin"
"323",453,"Kemba Walker",31,37,948,13.9,0.537,0.538,0.192,1.6,11.2,6.3,22.2,1.4,0.7,10.7,20.8,NA,1,0.9,1.8,0.093,NA,0.7,-0.2,0.4,0.6,"NYK","kembawalker"
"324",454,"Taj Gibson",36,52,946,12,0.606,0.229,0.313,9.8,16.3,13,4.9,1.2,4.2,12.5,10,NA,1.4,1.2,2.7,0.135,NA,-3,1,-2,0,"NYK","tajgibson"
"325",455,"Quentin Grimes",21,46,786,10.7,0.565,0.804,0.081,3.2,9.8,6.4,8.5,2,1.4,10.3,15.1,NA,0.6,0.9,1.4,0.087,NA,-1.2,0.9,-0.3,0.3,"NYK","quentingrimes"
"326",456,"Derrick Rose",33,26,636,16.9,0.541,0.336,0.113,3.5,9.8,6.6,27.5,1.7,1.9,11.9,22.5,NA,0.8,0.7,1.4,0.108,NA,2.3,0,2.3,0.7,"NYK","derrickrose"
"327",457,"Nerlens Noel",27,25,562,11.8,0.581,0.05,0.5,9,18.1,13.5,5.7,2.7,5.4,21.5,7.3,NA,0.4,1,1.5,0.128,NA,-3.1,3.3,0.3,0.3,"NYK","nerlensnoel"
"328",458,"Jericho Sims",23,41,555,11.6,0.674,0,0.537,11.6,21.3,16.4,5.3,1,3.9,23.1,6.9,NA,0.7,0.8,1.5,0.128,NA,-2.8,1.1,-1.7,0,"NYK","jerichosims"
"329",459,"Miles McBride",21,40,372,6.1,0.393,0.63,0.111,1.1,11.2,6.1,15.9,1.9,0.3,4.2,13.9,NA,-0.1,0.4,0.2,0.032,NA,-5.5,1,-4.5,-0.2,"NYK","milesmcbride"
"330",462,"Ryan Arcidiacono",27,10,76,6.1,0.667,0.75,0,0,11.5,5.7,7.5,0.7,0,20,8.6,NA,0,0.1,0.1,0.052,NA,-4.6,0,-4.6,-0.1,"NYK","ryanarcidiacono"
"331",463,"Damyean Dotson",27,2,21,6.4,0.5,0.25,0,0,10.4,5.1,6.9,0,0,0,8.3,NA,0,0,0,0.045,NA,-3.7,-1.2,-4.9,0,"NYK","damyeandotson"
"332",464,"Wayne Selden",27,3,19,4.3,0.434,0.5,1,0,5.8,2.8,7.2,0,0,0,13.3,NA,0,0,0,0.016,NA,-4.3,-1.6,-5.9,0,"NYK","wayneselden"
"333",465,"Feron Hunt",22,2,8,-3,0,0,0,13.2,0,6.7,16,6.3,0,33.3,16.4,NA,-0.1,0,0,-0.234,NA,-12.3,1,-11.3,0,"NYK","feronhunt"
"334",467,"Matt Mooney",24,1,2,-20,0,1,0,0,0,0,0,25,0,50,43.8,NA,-0.1,0,0,-0.915,NA,-33.9,11.5,-22.3,0,"NYK","mattmooney"
"335",468,"Tyler Hall",24,1,2,0,NA,NA,NA,0,0,0,0,0,0,NA,0,NA,0,0,0,0.007,NA,-8.1,-0.5,-8.5,0,"NYK","tylerhall"
"336",469,"Shai Gilgeous-Alexander",23,56,1942,20.9,0.557,0.282,0.385,1.9,13,7.4,31.1,1.8,2.2,11.1,30.8,NA,2.8,1.8,4.6,0.113,NA,2.9,0.5,3.4,2.7,"OKC","shaigilgeousalexander"
"337",470,"Darius Bazley",21,69,1924,12.6,0.515,0.414,0.262,3.7,19.8,11.6,7.7,1.5,3.4,11.1,18.3,NA,-0.5,2.2,1.8,0.044,NA,-2.1,0.3,-1.8,0.1,"OKC","dariusbazley"
"338",471,"Josh Giddey",19,54,1700,13.3,0.478,0.318,0.118,5.8,19.8,12.7,32.3,1.5,1.1,19.5,22.2,NA,-1.3,1.7,0.4,0.01,NA,-1.2,0.3,-0.9,0.5,"OKC","joshgiddey"
"339",472,"Luguentz Dort",22,51,1665,12.3,0.541,0.539,0.263,2.3,10.9,6.5,8.6,1.3,1,9.8,23.3,NA,0.2,1.1,1.4,0.04,NA,-1.5,-0.7,-2.3,-0.1,"OKC","luguentzdort"
"340",473,"Tre Mann",20,60,1367,10.2,0.501,0.463,0.139,1.9,11.2,6.4,10.7,1.7,0.8,10.2,22,NA,-1,1,0.1,0.002,NA,-3.3,-1.1,-4.4,-0.8,"OKC","tremann"
"341",474,"Aleksej Pokusevski",20,61,1233,12,0.485,0.432,0.11,6,20.8,13.3,16.5,1.5,2.9,16.4,20,NA,-1.1,1.5,0.4,0.014,NA,-2.7,0.1,-2.6,-0.2,"OKC","aleksejpokusevski"
"342",475,"Aaron Wiggins",23,50,1209,10.3,0.556,0.409,0.252,4.3,11,7.6,8.5,1.2,0.8,12.6,15.3,NA,0.5,0.8,1.2,0.048,NA,-3.4,-0.9,-4.3,-0.7,"OKC","aaronwiggins"
"343",476,"Jeremiah Robinson-Earl",21,49,1087,11.7,0.526,0.509,0.167,7,19.1,13,6.7,1.3,1.3,10.1,15.4,NA,0.4,1,1.5,0.065,NA,-1.9,-0.4,-2.2,-0.1,"OKC","jeremiahrobinsonearl"
"344",477,"Kenrich Williams",27,49,1072,13.3,0.532,0.382,0.174,7.1,14.1,10.5,15.3,2,0.9,11.9,15.6,NA,0.8,1,1.8,0.081,NA,-1.3,1.1,-0.3,0.5,"OKC","kenrichwilliams"
"345",478,"Isaiah Roby",23,45,948,18.3,0.607,0.307,0.359,8,15.6,11.8,12.1,1.8,3.3,10.3,19,NA,1.8,1.1,2.9,0.147,NA,0.4,0.2,0.6,0.6,"OKC","isaiahroby"
"346",479,"Théo Maledon",20,51,908,10.6,0.5,0.473,0.315,2.2,12.8,7.4,18.5,1.7,1.1,15.3,20.3,NA,-0.5,0.8,0.3,0.015,NA,-3.7,-0.7,-4.4,-0.6,"OKC","thomaledon"
"347",480,"Ty Jerome",24,48,801,11.3,0.488,0.567,0.143,2.4,7.7,5,21.3,1.8,0.6,9.6,20.8,NA,0,0.5,0.5,0.032,NA,-2.2,-0.2,-2.3,-0.1,"OKC","tyjerome"
"348",481,"Vit Krejci",21,30,690,8.5,0.529,0.587,0.132,2.6,12.6,7.5,11.9,1.3,1.1,14.1,12.9,NA,0.1,0.5,0.6,0.042,NA,-4.3,-1,-5.3,-0.6,"OKC","vitkrejci"
"349",482,"Derrick Favors",30,39,653,13.6,0.534,0.088,0.137,9,20.2,14.5,5.9,1.3,1.7,4.5,13.4,NA,0.8,0.7,1.4,0.105,NA,-2.3,0.3,-2.1,0,"OKC","derrickfavors"
"350",483,"Mike Muscala",30,43,592,19.7,0.63,0.657,0.23,3.6,19.1,11.2,6.2,1.5,4.1,4.9,20.9,NA,1.4,0.7,2.1,0.17,NA,3.8,1.2,5,1.1,"OKC","mikemuscala"
"351",484,"Lindy Waters III",24,25,465,13,0.562,0.834,0.029,1.3,15,8.1,8.1,2,1.6,5.8,17.5,NA,0.3,0.5,0.8,0.081,NA,-0.8,-0.8,-1.6,0.1,"OKC","lindywatersiii"
"352",485,"Olivier Sarr",22,22,421,14,0.672,0.287,0.287,8.2,14.6,11.4,6.9,0.7,3.3,16.2,13.9,NA,0.7,0.3,1,0.116,NA,-2.7,-1.3,-4,-0.2,"OKC","oliviersarr"
"353",486,"Jaylen Hoard",22,7,240,18,0.536,0.278,0.156,12.7,23.5,18,11.6,1.2,1.9,7.7,18.7,NA,0.3,0.3,0.6,0.118,NA,1.2,-2.1,-0.9,0.1,"OKC","jaylenhoard"
"354",487,"Mamadi Diakite",25,13,188,11.6,0.54,0.106,0.234,9.2,23.3,16.1,1.6,1.3,4.5,11.9,13.5,NA,0.1,0.3,0.3,0.08,NA,-5.9,0.9,-5,-0.1,"OKC","mamadidiakite"
"355",488,"Zavier Simpson",24,4,174,7.7,0.406,0.154,0.096,1.2,11.4,6.2,25.2,1.4,2.1,15.6,15.9,NA,-0.2,0.1,-0.1,-0.018,NA,-6,-1.9,-7.9,-0.3,"OKC","zaviersimpson"
"356",490,"Paul Watson",27,9,156,5.7,0.432,0.743,0.057,1.9,16.1,8.9,7.2,0.9,1.8,10,11,NA,-0.1,0.1,0,0.001,NA,-4.8,-0.6,-5.4,-0.1,"OKC","paulwatson"
"357",491,"Melvin Frazier",25,3,120,-0.4,0.313,0.438,0.146,4.2,7,5.6,1.2,0.4,0,5.5,19.5,NA,-0.4,0,-0.4,-0.16,NA,-9.7,-6.7,-16.4,-0.4,"OKC","melvinfrazier"
"358",492,"Gabriel Deck",26,7,56,11.5,0.643,0.286,0,1.8,9.3,5.5,13.7,0.9,0,12.5,12.3,NA,0.1,0,0.1,0.08,NA,-1.2,-1.3,-2.5,0,"OKC","gabrieldeck"
"359",493,"Scotty Hopson",32,1,18,0.1,0.5,0.25,0,0,5.8,2.9,8.1,0,0,33.3,14.4,NA,-0.1,0,0,-0.132,NA,-8.7,-2.9,-11.6,0,"OKC","scottyhopson"
"360",494,"Rob Edwards",25,2,11,-0.8,0.375,1,0,0,28.5,14,0,0,0,20,19.6,NA,-0.1,0,0,-0.181,NA,-8.3,-2.9,-11.2,0,"OKC","robedwards"
"361",495,"Franz Wagner",20,79,2429,14.7,0.559,0.278,0.225,3.6,11.9,7.7,15.7,1.4,1.3,10,21.2,NA,2.1,1.9,4,0.079,NA,-0.4,-0.3,-0.7,0.8,"ORL","franzwagner"
"362",496,"Cole Anthony",21,65,2059,13.5,0.519,0.429,0.277,1.6,16.2,8.9,28.9,1.1,0.8,14.2,25.1,NA,-0.1,1.7,1.6,0.038,NA,-0.6,-0.6,-1.2,0.4,"ORL","coleanthony"
"363",497,"Wendell Carter Jr.",22,62,1852,18.4,0.601,0.313,0.303,7.9,29.1,18.5,15.4,0.9,2.1,13.1,20.9,NA,2.6,2.4,5,0.129,NA,1,0.6,1.6,1.7,"ORL","wendellcarterjr"
"364",498,"Mo Bamba",23,71,1824,16.5,0.582,0.455,0.118,8.5,24.6,16.5,7.4,1,5.9,10.6,17.2,NA,1.8,2.7,4.5,0.118,NA,-0.2,0.9,0.7,1.2,"ORL","mobamba"
"365",499,"Chuma Okeke",23,70,1749,12,0.501,0.645,0.113,2.8,18.2,10.5,10.1,2.7,2.2,8.6,16.4,NA,-0.3,2.5,2.2,0.06,NA,-1.6,1.5,-0.1,0.8,"ORL","chumaokeke"
"366",500,"Gary Harris",27,61,1730,10.9,0.571,0.546,0.172,2.2,5.3,3.7,9.5,1.6,0.5,9.3,16.4,NA,1.1,1,2.2,0.06,NA,-2,-0.4,-2.4,-0.2,"ORL","garyharris"
"367",501,"Terrence Ross",30,63,1448,10,0.515,0.477,0.235,1.5,10.3,5.9,12.5,0.9,0.8,10.9,20.5,NA,-0.5,0.9,0.3,0.011,NA,-2.5,-1.1,-3.7,-0.6,"ORL","terrenceross"
"368",502,"R.J. Hampton",20,64,1402,8.5,0.481,0.4,0.256,1.7,12.9,7.3,16.9,1.4,0.8,14.6,18.4,NA,-1.3,1.1,-0.2,-0.005,NA,-4,-0.1,-4.1,-0.7,"ORL","rjhampton"
"369",503,"Jalen Suggs",20,48,1307,8.6,0.455,0.358,0.297,2.1,11.7,6.9,24.9,2.2,1.3,18.7,25.3,NA,-3,1.3,-1.6,-0.06,NA,-5.3,-0.2,-5.6,-1.2,"ORL","jalensuggs"
"370",504,"Moritz Wagner",24,63,960,18.1,0.623,0.508,0.326,4.6,21,12.8,15.4,1,1.2,11,22.9,NA,1.8,1,2.8,0.138,NA,1.5,0.1,1.6,0.9,"ORL","moritzwagner"
"371",505,"Robin Lopez",33,36,612,13.7,0.57,0.03,0.271,11.7,10,10.9,14.4,0.2,2.7,16.5,18.9,NA,0.5,0.3,0.8,0.064,NA,-2.4,-1.4,-3.8,-0.3,"ORL","robinlopez"
"372",506,"Ignas Brazdeikis",23,42,536,10.2,0.52,0.463,0.17,4.5,9.7,7.1,10.7,0.9,0.5,7.8,17.7,NA,0.2,0.3,0.5,0.041,NA,-2.7,-1.6,-4.3,-0.3,"ORL","ignasbrazdeikis"
"373",507,"Admiral Schofield",24,38,469,7.5,0.538,0.612,0.116,3.8,16.3,10,7.9,0.4,1,13.4,14.5,NA,-0.1,0.3,0.3,0.027,NA,-4.2,-1.2,-5.4,-0.4,"ORL","admiralschofield"
"374",508,"Markelle Fultz",23,18,360,17.7,0.517,0.097,0.177,1.2,13.2,7.2,48.9,2.7,1.3,17.5,27.5,NA,0,0.4,0.4,0.053,NA,-0.1,0.4,0.2,0.2,"ORL","markellefultz"
"375",511,"Hassani Gravett",25,8,171,10.1,0.629,0.684,0.105,0.6,12.4,6.5,17,1.4,0.5,18.5,12.3,NA,0.1,0.1,0.3,0.071,NA,-2.4,0.2,-2.3,0,"ORL","hassanigravett"
"376",512,"Devin Cannady",25,5,145,8.6,0.531,0.841,0.159,0.7,3.7,2.2,10,1.7,1.9,9.6,15.5,NA,0,0.1,0.1,0.033,NA,-2.8,-0.4,-3.2,0,"ORL","devincannady"
"377",513,"Freddie Gillespie",24,9,119,9.5,0.419,0.045,0.318,11.5,20.5,16,5.9,1.2,6.9,16.6,10.9,NA,-0.1,0.2,0.1,0.049,NA,-5.6,1,-4.6,-0.1,"ORL","freddiegillespie"
"378",515,"Aleem Ford",24,5,74,0.5,0.35,0.75,0,2.8,18.6,10.7,3.8,0.7,0,16.7,14,NA,-0.2,0.1,-0.2,-0.103,NA,-9.1,-2.2,-11.4,-0.2,"ORL","aleemford"
"379",516,"B.J. Johnson",26,4,65,12.1,0.52,0.4,0,9.7,14.7,12.2,0,0,1.4,0,16.7,NA,0.1,0,0.1,0.065,NA,-0.7,-3.9,-4.7,0,"ORL","bjjohnson"
"380",517,"Tyrese Maxey",21,75,2650,16.2,0.594,0.311,0.247,1.1,8.9,5.1,19.1,1,1.1,7.4,20.2,NA,5.4,1.9,7.3,0.132,NA,1.3,-0.7,0.6,1.8,"PHI","tyresemaxey"
"381",518,"Tobias Harris",29,73,2543,15.9,0.566,0.269,0.198,3.4,18.1,10.9,15.9,0.9,1.5,9.5,21.7,NA,3,2.6,5.6,0.105,NA,0.6,-0.6,0,1.3,"PHI","tobiasharris"
"382",519,"Joel Embiid",27,68,2297,31.2,0.616,0.188,0.602,7.2,31.1,19.4,23.5,1.7,3.9,11.3,37.2,NA,7.9,4.1,12,0.252,NA,7.2,2,9.2,6.5,"PHI","joelembiid"
"383",520,"Georges Niang",28,76,1736,10.7,0.594,0.687,0.105,1.6,11.3,6.5,8.7,0.9,0.7,9.1,16.8,NA,1.5,1.3,2.8,0.077,NA,-0.8,-1.1,-1.9,0,"PHI","georgesniang"
"384",521,"Matisse Thybulle",24,66,1685,11.2,0.594,0.48,0.143,2.8,7.1,5,6.1,3.4,3.8,10.9,9.5,NA,1.2,2.5,3.7,0.107,NA,-2.2,3.3,1.1,1.3,"PHI","matissethybulle"
"385",523,"Furkan Korkmaz",24,67,1414,10.2,0.502,0.566,0.179,1.8,11.9,6.9,13.1,1.2,0.6,8.6,17.6,NA,0.1,1.1,1.2,0.041,NA,-2,-1.1,-3.1,-0.4,"PHI","furkankorkmaz"
"386",524,"Danny Green",34,62,1353,9.5,0.561,0.847,0.044,2.7,10.1,6.5,6.5,2.2,2.5,12.1,12.3,NA,0.3,1.6,1.9,0.067,NA,-1.4,0.8,-0.5,0.5,"PHI","dannygreen"
"387",525,"Shake Milton",25,55,1179,11.9,0.517,0.33,0.181,2.9,10.4,6.7,17.6,1.2,1.3,9.2,18.3,NA,0.7,1,1.7,0.069,NA,-1.6,-0.6,-2.2,-0.1,"PHI","shakemilton"
"388",528,"Isaiah Joe",22,55,609,7.7,0.519,0.763,0.175,1.1,9,5.1,8.1,1.1,0.4,9.1,15.5,NA,0,0.4,0.4,0.035,NA,-3.1,-1.5,-4.6,-0.4,"PHI","isaiahjoe"
"389",529,"Paul Reed",22,38,302,21.4,0.568,0.083,0.146,16.6,17.4,17,8.3,5.5,4.2,8.9,16.7,NA,0.6,0.7,1.3,0.212,NA,-0.8,2.9,2.1,0.3,"PHI","paulreed"
"390",531,"Charles Bassey",21,23,168,21.5,0.66,0.085,0.255,14.9,26.1,20.6,6.5,1.5,9.1,13.3,16.1,NA,0.4,0.3,0.8,0.22,NA,-0.4,2.1,1.7,0.2,"PHI","charlesbassey"
"391",534,"Myles Powell",24,11,52,0.2,0.364,0.353,0.118,2.2,10.6,6.4,8,1,0,14.4,18,NA,-0.2,0,-0.1,-0.109,NA,-10.5,-2.2,-12.7,-0.1,"PHI","mylespowell"
"392",536,"Aaron Henry",22,6,17,-7.4,0.2,0.2,0,0,6.5,3.3,0,0,10.6,28.6,18.5,NA,-0.1,0,-0.1,-0.306,NA,-14,-2.4,-16.5,-0.1,"PHI","aaronhenry"
"393",538,"Jaden Springer",19,2,6,26.4,1,0,0,18.9,18.3,18.6,0,0,30,50,15,NA,0,0,0,0.138,NA,8.3,8.7,17.1,0,"PHI","jadenspringer"
"394",540,"Mikal Bridges",25,82,2854,14.4,0.627,0.364,0.183,2.9,10,6.5,8.7,1.6,1.1,6.8,15,NA,5.2,3.7,8.9,0.15,NA,0.5,1.1,1.6,2.6,"PHO","mikalbridges"
"395",541,"Devin Booker",25,68,2345,21.3,0.576,0.336,0.255,2.1,13.2,7.8,22.4,1.6,1,9.3,32,NA,4.3,3.3,7.6,0.156,NA,3.9,0.2,4.1,3.6,"PHO","devinbooker"
"396",542,"Chris Paul",36,65,2139,20.8,0.581,0.27,0.274,1.1,12.8,7.1,44.5,2.7,0.8,15.6,19.7,NA,5.8,3.6,9.4,0.21,NA,3.1,2.3,5.4,4,"PHO","chrispaul"
"397",543,"Jae Crowder",31,67,1886,11.3,0.541,0.671,0.165,1.8,18,10.1,8.3,2.4,1.4,8.6,14.6,NA,0.9,3.4,4.3,0.11,NA,-1.3,2.4,1.1,1.5,"PHO","jaecrowder"
"398",544,"Cameron Johnson",25,66,1730,15.2,0.625,0.644,0.188,2.7,14,8.5,7.7,1.6,0.8,6.7,17.5,NA,3.2,2.4,5.6,0.156,NA,2,0.7,2.7,2.1,"PHO","cameronjohnson"
"399",545,"Deandre Ayton",23,58,1713,21.9,0.656,0.027,0.204,9.6,27.1,18.6,7.6,1.1,2.1,10.7,21.4,NA,4.1,3.1,7.3,0.203,NA,2.2,0.6,2.8,2.1,"PHO","deandreayton"
"400",546,"Landry Shamet",24,69,1437,10.2,0.55,0.689,0.167,1.2,8,4.7,9.7,0.9,0.6,7.3,16.8,NA,1.1,1.5,2.6,0.085,NA,-0.9,-0.4,-1.2,0.3,"PHO","landryshamet"
"401",547,"Cameron Payne",27,58,1278,13.8,0.5,0.359,0.152,2.1,12.3,7.3,30.7,1.5,1.2,14.1,24.6,NA,0.2,1.8,1.9,0.073,NA,-0.4,0.4,0,0.7,"PHO","cameronpayne"
"402",548,"JaVale McGee",34,74,1172,22.6,0.651,0.02,0.319,15.3,29.7,22.7,5.4,0.9,6.1,15.8,22.8,NA,2.4,2.6,4.9,0.201,NA,-0.1,0.9,0.8,0.8,"PHO","javalemcgee"
"403",550,"Elfrid Payton",27,50,549,7.9,0.397,0.103,0.183,4.2,12.8,8.6,23,2.2,1,19.9,18.5,NA,-1,0.8,-0.2,-0.014,NA,-4.6,1.2,-3.5,-0.2,"PHO","elfridpayton"
"404",551,"Bismack Biyombo",29,36,506,17.3,0.596,0,0.49,13.7,21.5,17.7,6.2,1.1,4.6,12.4,17.1,NA,0.9,0.9,1.8,0.17,NA,-1.7,0.4,-1.3,0.1,"PHO","bismackbiyombo"
"405",553,"Ish Wainright",27,45,359,9.4,0.494,0.567,0.115,8.3,7.9,8.1,5.3,2.7,1.5,10.6,14.7,NA,0,0.6,0.6,0.079,NA,-3,1,-2,0,"PHO","ishwainright"
"406",555,"Frank Kaminsky",28,9,181,21.3,0.635,0.227,0.303,6.7,17.3,12.1,10.1,2.1,3.4,6.3,19,NA,0.5,0.3,0.9,0.228,NA,2.4,2.5,4.9,0.3,"PHO","frankkaminsky"
"407",556,"Abdel Nader",28,14,145,4.9,0.431,0.4,0.286,3,16.6,10,5.9,2.7,2.5,21.8,15,NA,-0.3,0.3,0,-0.009,NA,-7.1,2.2,-5,-0.1,"PHO","abdelnader"
"408",557,"Gabriel Lundberg",27,4,44,7.7,0.342,0.421,0,5,11.9,8.5,31.5,3.3,0,13.6,21.5,NA,-0.1,0.1,0,-0.005,NA,-5.3,0.5,-4.8,0,"PHO","gabriellundberg"
"409",559,"Chandler Hutchison",25,6,22,1,0.694,0,1,0,23.8,12.2,10.5,0,0,58.1,13.5,NA,-0.1,0,0,-0.086,NA,-8,-0.5,-8.5,0,"PHO","chandlerhutchison"
"410",560,"Emanuel Terry",25,3,18,-0.1,0,0,0,48.9,40.6,44.7,12.2,2.7,0,50,23.9,NA,-0.1,0,-0.1,-0.256,NA,-13,-5.3,-18.3,-0.1,"PHO","emanuelterry"
"411",561,"M.J. Walker",23,2,8,-3.3,0,0.5,0,0,13.1,6.7,13.8,12,0,0,21.5,NA,-0.1,0,0,-0.276,NA,-15.8,6.2,-9.6,0,"PHO","mjwalker"
"412",562,"Paris Bass",26,2,7,13.9,0.436,0.333,0.333,31.5,29.9,30.6,0,6.9,0,22.5,54.6,NA,0,0,0,-0.17,NA,-11.2,-1.2,-12.4,0,"PHO","parisbass"
"413",563,"Anfernee Simons",22,57,1681,15.3,0.583,0.555,0.146,1.6,8.5,4.9,22.2,0.9,0.4,11.9,24.8,NA,2,-0.1,1.9,0.055,NA,1.9,-2.7,-0.7,0.5,"POR","anferneesimons"
"414",564,"Jusuf Nurkić",27,56,1579,20,0.586,0.093,0.447,11.2,32.6,21.5,16.6,1.9,2.1,16.6,23.6,NA,2,1.7,3.6,0.11,NA,0.1,0.2,0.3,0.9,"POR","jusufnurki"
"415",567,"Ben McLemore",28,64,1285,11.7,0.567,0.774,0.163,1,8.1,4.4,7.3,1.4,0.8,8.7,21.3,NA,0.7,0.2,0.8,0.031,NA,-0.7,-2.5,-3.2,-0.4,"POR","benmclemore"
"416",569,"CJ Elleby",21,58,1174,9.2,0.491,0.409,0.273,6,15.6,10.6,10.6,1.5,1.6,14,14.8,NA,-0.1,0.5,0.4,0.016,NA,-3.8,-1.5,-5.3,-1,"POR","cjelleby"
"417",570,"Nassir Little",21,42,1088,13.5,0.575,0.489,0.298,5.7,18.7,11.9,7.4,1.1,3.3,10.1,15.8,NA,1.2,0.6,1.7,0.076,NA,-0.9,-0.6,-1.4,0.2,"POR","nassirlittle"
"418",571,"Damian Lillard",31,29,1056,18.5,0.55,0.514,0.328,1.3,11.6,6.2,34,0.8,1,11.6,29.3,NA,1.7,0.1,1.7,0.079,NA,4,-2.7,1.3,0.9,"POR","damianlillard"
"419",572,"Trendon Watford",21,48,869,15.8,0.59,0.142,0.352,7,18.6,12.6,14.6,1.4,3.2,12.5,17.6,NA,1.4,0.5,1.9,0.104,NA,-1.4,-0.4,-1.7,0.1,"POR","trendonwatford"
"420",575,"Greg Brown III",20,48,640,11,0.515,0.321,0.342,6.3,17.3,11.6,8.1,2,3.7,14.1,17.2,NA,-0.1,0.5,0.4,0.029,NA,-4,-0.7,-4.7,-0.4,"POR","gregbrowniii"
"421",576,"Brandon Williams",22,24,640,11,0.476,0.376,0.344,3.1,9.8,6.4,23.1,1.8,1.5,15.2,25.9,NA,-0.7,0.2,-0.5,-0.037,NA,-2.6,-3.1,-5.7,-0.6,"POR","brandonwilliams"
"422",577,"Dennis Smith Jr.",24,37,638,13.2,0.474,0.143,0.339,3.3,12.2,7.6,30.5,3.4,1.9,19,18.2,NA,-0.1,0.5,0.4,0.031,NA,-2.8,1.2,-1.7,0.1,"POR","dennissmithjr"
"423",581,"Cody Zeller",29,27,355,17.2,0.627,0.044,0.544,14.9,24.1,19.3,9.4,1.1,1.7,14.6,15.9,NA,0.9,0.2,1.1,0.143,NA,-1.2,-1,-2.1,0,"POR","codyzeller"
"424",582,"Keljin Blevins",26,31,349,4.8,0.41,0.649,0.099,4.9,9.5,7.1,7.7,1.8,0.3,12.8,16.5,NA,-0.6,0.1,-0.5,-0.066,NA,-5.6,-2.9,-8.5,-0.6,"POR","keljinblevins"
"425",583,"Kris Dunn",27,14,336,12.5,0.482,0.108,0.176,2.8,13.6,8,35.1,3.3,0.9,22.5,18.3,NA,-0.1,0.3,0.2,0.024,NA,-4.6,-0.8,-5.4,-0.3,"POR","krisdunn"
"426",588,"Cameron McGriff",24,3,46,12.5,0.47,0.429,0.143,13.8,22.3,17.9,9.4,0,2.1,0,14,NA,0.1,0,0.1,0.097,NA,-1,-3,-4,0,"POR","cameronmcgriff"
"427",589,"Jarron Cumberland",24,3,12,8.4,0.5,0.5,0,8.8,19,13.7,11.6,0,0,0,7.2,NA,0,0,0,0.079,NA,-4.4,-2.2,-6.6,0,"POR","jarroncumberland"
"428",590,"Harrison Barnes",29,77,2587,15.7,0.623,0.432,0.495,3.4,14.9,9.1,10.5,1,0.5,10.4,18.8,NA,5,1,6,0.112,NA,1.5,-1.3,0.2,1.4,"SAC","harrisonbarnes"
"429",591,"De'Aaron Fox",24,59,2083,17.4,0.549,0.228,0.319,1.3,10.9,6,26.8,1.6,1,11.9,29.1,NA,1.5,1,2.5,0.058,NA,0.6,-1.2,-0.6,0.7,"SAC","deaaronfox"
"430",592,"Davion Mitchell",23,75,2076,10.8,0.489,0.38,0.101,1.7,7,4.4,22.5,1.3,1,11.5,20.6,NA,-0.5,0.6,0.1,0.003,NA,-2.1,-1.7,-3.8,-0.9,"SAC","davionmitchell"
"431",595,"Chimezie Metu",24,60,1279,13.4,0.546,0.414,0.203,2.9,25.9,14.3,6.9,1.9,2.2,11.1,18.5,NA,0.1,1.4,1.5,0.056,NA,-1.6,0.1,-1.5,0.2,"SAC","chimeziemetu"
"432",596,"Richaun Holmes",28,45,1074,17.8,0.689,0.017,0.3,9.3,22.9,16.1,6.8,0.8,3.3,14.2,15.8,NA,2.4,0.9,3.2,0.145,NA,-0.4,-0.1,-0.5,0.4,"SAC","richaunholmes"
"433",597,"Damian Jones",26,56,1017,18.3,0.701,0.109,0.492,7.9,18.5,13.2,10.2,1.2,4,15.4,16.2,NA,2.4,0.9,3.3,0.156,NA,-0.2,0.5,0.3,0.6,"SAC","damianjones"
"434",598,"Maurice Harkless",28,47,863,7.7,0.561,0.558,0.155,1.5,12.7,7.1,3.6,1.6,2.4,13.8,11.2,NA,-0.1,0.6,0.5,0.026,NA,-3.7,0.4,-3.3,-0.3,"SAC","mauriceharkless"
"435",602,"Alex Len",28,39,620,13.1,0.577,0.119,0.358,9,19.3,14.1,10.6,1,3.5,17.4,17.1,NA,0.4,0.5,0.9,0.07,NA,-3.2,0.3,-2.9,-0.1,"SAC","alexlen"
"436",604,"Terence Davis",24,30,536,14.6,0.543,0.558,0.165,2.2,17,9.5,11.9,2.2,1.8,10.3,25.6,NA,0,0.5,0.5,0.044,NA,-0.6,-0.4,-0.9,0.2,"SAC","terencedavis"
"437",608,"Jahmi'us Ramsey",20,19,134,7.9,0.468,0.31,0.241,3.2,7.4,5.3,7.9,0.4,0.6,7.2,22.2,NA,-0.1,0,-0.1,-0.047,NA,-3.5,-3.4,-6.9,-0.2,"SAC","jahmiusramsey"
"438",610,"Neemias Queta",22,15,120,12.7,0.495,0,0.447,12.6,15.6,14.1,7.2,0.4,5.8,11.7,18.4,NA,0,0.1,0.1,0.051,NA,-4.1,-1,-5.1,-0.1,"SAC","neemiasqueta"
"439",611,"Louis King",22,10,104,8.1,0.438,0.574,0.213,0,12.7,6.3,12.5,0.9,0.8,0,21.2,NA,0,0,0,0,NA,-3,-1.6,-4.6,-0.1,"SAC","louisking"
"440",612,"Robert Woodard II",22,12,42,2.1,0.207,0.25,0.125,12.8,15.7,14.3,9,1.1,2.1,5.6,18.3,NA,-0.2,0,-0.1,-0.147,NA,-6.8,-3.6,-10.4,-0.1,"SAC","robertwoodardii"
"441",614,"Emmanuel Mudiay",25,2,11,12.3,0.399,0,2,0,0,0,43.4,4.4,0,21,18.6,NA,0,0,0,0.023,NA,-2.7,1.5,-1.2,0,"SAC","emmanuelmudiay"
"442",615,"Ade Murkey",24,1,1,0,NA,NA,NA,0,0,0,0,0,0,NA,0,NA,0,0,0,-0.017,NA,-7.4,-2.3,-9.7,0,"SAC","ademurkey"
"443",616,"Keldon Johnson",22,75,2392,15.2,0.574,0.395,0.231,3.5,16.7,10,9.5,1.2,0.5,7.6,21.3,NA,2.9,2,4.9,0.098,NA,0.7,-1.2,-0.5,0.9,"SAS","keldonjohnson"
"444",617,"Dejounte Murray",25,68,2366,22.3,0.533,0.237,0.199,3.5,21.6,12.5,40.6,2.8,0.8,11.8,27.3,NA,3.9,3.4,7.3,0.149,NA,3.7,1.7,5.4,4.4,"SAS","dejountemurray"
"445",618,"Jakob Poeltl",26,68,1970,20.8,0.613,0.002,0.287,13.9,20,16.9,14,1.1,5,12.7,18.3,NA,4.4,2.5,6.9,0.168,NA,0.9,0.7,1.6,1.7,"SAS","jakobpoeltl"
"446",619,"Devin Vassell",21,71,1937,13.3,0.54,0.497,0.13,2.4,14.3,8.3,9.7,1.9,1.8,6.7,18.9,NA,1.3,2,3.3,0.082,NA,-0.5,0,-0.5,0.7,"SAS","devinvassell"
"447",620,"Lonnie Walker IV",23,70,1612,12.3,0.512,0.462,0.194,1.2,10.7,5.9,13.4,1.3,1,7.9,23.6,NA,0.1,1.1,1.2,0.037,NA,-1.2,-1.3,-2.5,-0.2,"SAS","lonniewalkeriv"
"448",622,"Doug McDermott",30,51,1223,11.4,0.593,0.551,0.11,1.5,8.4,4.9,7.3,0.5,0.4,8.1,18.3,NA,1.1,0.5,1.6,0.062,NA,-0.4,-2.1,-2.5,-0.1,"SAS","dougmcdermott"
"449",623,"Tre Jones",22,69,1148,15,0.545,0.15,0.268,2.6,11.6,7.1,27,1.8,0.5,10.8,15.6,NA,1.9,0.9,2.9,0.121,NA,-0.9,0.4,-0.5,0.4,"SAS","trejones"
"450",624,"Joshua Primo",19,50,965,7.1,0.487,0.507,0.219,3.5,8.9,6.1,10.6,1,2,16.1,15.4,NA,-0.6,0.6,0,0.001,NA,-3.8,-1.1,-5,-0.7,"SAS","joshuaprimo"
"451",625,"Keita Bates-Diop",26,59,956,12.4,0.578,0.209,0.232,6.8,18.7,12.7,5.7,1.4,1.2,13.4,14.8,NA,0.6,1,1.6,0.08,NA,-2.1,-0.5,-2.6,-0.1,"SAS","keitabatesdiop"
"452",628,"Jock Landale",26,54,589,16,0.597,0.436,0.201,11.1,13.5,12.3,10.6,0.8,2,12.3,18.1,NA,1,0.4,1.5,0.121,NA,0.7,-1.1,-0.4,0.2,"SAS","jocklandale"
"453",630,"Zach Collins",24,28,502,16.4,0.594,0.265,0.419,9.5,22.5,16,16.3,1.2,3.8,19.7,19.2,NA,0.6,0.7,1.2,0.118,NA,-1.2,1,-0.2,0.2,"SAS","zachcollins"
"454",632,"Joe Wieskamp",22,29,205,7.1,0.494,0.768,0.232,2,5.2,3.6,5.5,0.9,1.2,3.1,13.1,NA,0.1,0.1,0.1,0.035,NA,-2.9,-1.1,-3.9,-0.1,"SAS","joewieskamp"
"455",633,"Devontae Cacok",25,15,121,20.2,0.675,0,0.226,6.9,29.7,18.2,6.9,3.2,4.9,8.1,12.9,NA,0.3,0.3,0.5,0.206,NA,0.7,3.5,4.2,0.2,"SAS","devontaecacok"
"456",637,"Jaylen Morris",26,3,16,-11.4,0.129,0.333,0.667,0,13.2,6.6,14,0,0,11.4,23.1,NA,-0.1,0,-0.1,-0.376,NA,-15.8,-5.7,-21.5,-0.1,"SAS","jaylenmorris"
"457",639,"Anthony Lamb",24,2,8,-0.5,0,1,0,0,13.2,6.6,27.9,0,0,0,10.6,NA,0,0,0,-0.138,NA,-6.2,-1.8,-8,0,"SAS","anthonylamb"
"458",640,"Scottie Barnes",20,74,2617,16.3,0.552,0.207,0.231,7.7,15.8,11.5,14.7,1.5,2.1,11.7,19,NA,3.7,2.9,6.6,0.122,NA,0.5,0.4,0.9,1.9,"TOR","scottiebarnes"
"459",641,"Pascal Siakam",27,68,2578,20.3,0.565,0.181,0.314,5.1,20.1,12.2,23,1.6,1.6,11.6,25.8,NA,4.9,3.2,8.1,0.151,NA,2.7,0.8,3.5,3.6,"TOR","pascalsiakam"
"460",642,"Fred VanVleet",27,65,2462,17.3,0.552,0.585,0.202,1.8,11.4,6.4,26.7,2.3,1.4,12.5,23.7,NA,3.9,2.8,6.7,0.131,NA,3.1,0.5,3.6,3.5,"TOR","fredvanvleet"
"461",643,"Gary Trent Jr.",23,70,2448,14.7,0.546,0.502,0.188,1.1,7.7,4.2,8.8,2.5,0.8,5.8,21.8,NA,3.1,2.5,5.6,0.11,NA,-0.1,0.3,0.2,1.3,"TOR","garytrentjr"
"462",644,"OG Anunoby",24,48,1728,14.8,0.549,0.455,0.169,4.4,12.6,8.3,11,2.1,1.4,9.7,20.5,NA,1.8,1.9,3.7,0.104,NA,0.4,0.1,0.5,1.1,"TOR","oganunoby"
"463",645,"Precious Achiuwa",22,73,1725,12.7,0.503,0.259,0.217,8.7,21.7,14.9,6.9,1.1,2.3,11.3,18.5,NA,0.4,2.1,2.5,0.07,NA,-2,-0.6,-2.6,-0.2,"TOR","preciousachiuwa"
"464",646,"Chris Boucher",29,80,1690,17.9,0.57,0.397,0.334,10.9,21.3,15.8,2.2,1.4,4.3,6,17.8,NA,3.5,2.4,6,0.169,NA,0.5,-0.4,0,0.9,"TOR","chrisboucher"
"465",647,"Khem Birch",29,55,991,13.2,0.534,0.07,0.355,12.7,13.5,13.1,7.6,1.5,2.6,11.1,11.2,NA,1.5,1.1,2.6,0.126,NA,-1.7,0.4,-1.3,0.2,"TOR","khembirch"
"466",648,"Svi Mykhailiuk",24,56,716,9.6,0.509,0.573,0.158,2.9,11.5,7,8.8,1.8,0.5,11.3,16.9,NA,0.1,0.7,0.8,0.052,NA,-2.7,-0.2,-2.9,-0.2,"TOR","svimykhailiuk"
"467",649,"Dalano Banton",22,64,696,10,0.463,0.252,0.218,5.6,14.1,9.7,19.8,2,1.4,19.3,16.9,NA,-0.4,0.8,0.4,0.03,NA,-3.5,0.4,-3.1,-0.2,"TOR","dalanobanton"
"468",650,"Malachi Flynn",23,44,537,11.7,0.488,0.492,0.131,1.9,11.3,6.4,18.5,1.9,0.7,6.3,16.5,NA,0.5,0.5,1,0.092,NA,-1.8,0.4,-1.5,0.1,"TOR","malachiflynn"
"469",652,"Yuta Watanabe",27,38,445,11.5,0.524,0.572,0.29,4.2,19,11.2,6.6,1.2,3.5,10.9,16.8,NA,0.1,0.6,0.7,0.075,NA,-1.9,0,-2,0,"TOR","yutawatanabe"
"470",653,"Justin Champagnie",20,36,281,13.6,0.571,0.418,0.134,13.5,14.3,13.9,5.4,1.4,1.4,10.1,12,NA,0.5,0.3,0.8,0.138,NA,-1.3,-0.7,-2,0,"TOR","justinchampagnie"
"471",656,"Isaac Bonga",22,15,69,8.7,0.363,0.308,0.615,6,5,5.5,7.3,5.8,2.8,10.8,11.5,NA,-0.1,0.1,0.1,0.06,NA,-5.4,5,-0.4,0,"TOR","isaacbonga"
"472",657,"D.J. Wilson",25,4,54,27.9,0.773,0.133,0.667,1.9,31.8,16.1,14.6,4.6,1.8,9.3,17,NA,0.2,0.1,0.4,0.328,NA,1.8,3.2,5,0.1,"TOR","djwilson"
"473",660,"Daniel Oturu",22,3,27,13.4,0.549,0.167,0.833,3.8,17,10,0,0,7.2,0,13,NA,0,0,0.1,0.121,NA,-2.7,-2.5,-5.2,0,"TOR","danieloturu"
"474",661,"David Johnson",20,2,2,-20,0,1,0,0,0,0,0,0,0,0,21.4,NA,0,0,0,-0.495,NA,-19,-8.7,-27.7,0,"TOR","davidjohnson"
"475",662,"Sam Dekker",27,1,1,0,NA,NA,NA,0,0,0,0,0,0,NA,0,NA,0,0,0,0.003,NA,-6.2,-3.4,-9.6,0,"TOR","samdekker"
"476",663,"Royce O'Neale",28,77,2406,10.3,0.608,0.689,0.126,3,13.4,8.4,10.5,1.8,1.2,14.4,9.9,NA,2.7,2.8,5.5,0.109,NA,-0.8,1.7,0.8,1.7,"UTA","royceoneale"
"477",664,"Donovan Mitchell",25,67,2266,21.6,0.572,0.475,0.227,2.7,10.6,6.8,27.7,2.2,0.5,11.7,32.9,NA,4.7,2.5,7.2,0.152,NA,4.6,-0.3,4.3,3.6,"UTA","donovanmitchell"
"478",665,"Jordan Clarkson",29,79,2141,14.9,0.532,0.536,0.156,3.5,10.2,7,14.5,1.5,0.7,9.8,26.8,NA,1.5,2,3.5,0.079,NA,0.5,-1.2,-0.6,0.7,"UTA","jordanclarkson"
"479",666,"Bojan Bogdanović",32,69,2131,15.7,0.599,0.504,0.28,3.1,11.8,7.6,8.7,0.8,0,10.2,23.7,NA,3.6,1.6,5.2,0.118,NA,1.6,-1.6,0,1.1,"UTA","bojanbogdanovi"
"480",667,"Rudy Gobert",29,66,2120,24.7,0.732,0.008,0.864,12.9,36.3,25,5.1,1,5.7,14.5,16.9,NA,7.3,4.3,11.7,0.264,NA,2.9,1.7,4.6,3.6,"UTA","rudygobert"
"481",668,"Mike Conley",34,72,2058,17.2,0.572,0.523,0.205,2.6,8.8,5.8,27.7,2.3,0.9,12.5,20.9,NA,4.4,2.3,6.7,0.157,NA,2.4,0.7,3.1,2.7,"UTA","mikeconley"
"482",669,"Hassan Whiteside",32,65,1162,22.9,0.662,0,0.506,16.2,29.9,23.3,3.4,0.9,7.8,11.6,17.1,NA,3.4,2.3,5.8,0.238,NA,0.6,1.4,2.1,1.2,"UTA","hassanwhiteside"
"483",670,"Joe Ingles",34,45,1122,10,0.551,0.789,0.077,1.2,11.2,6.4,19,1,0.4,13.5,13.2,NA,1.3,0.9,2.2,0.094,NA,-0.7,0.5,-0.3,0.5,"UTA","joeingles"
"484",671,"Rudy Gay",35,55,1038,13,0.539,0.536,0.208,6,19.1,12.8,7.8,1.2,1.6,10.2,19.3,NA,0.8,1.3,2.1,0.097,NA,-0.7,-0.3,-1,0.3,"UTA","rudygay"
"485",672,"Trent Forrest",23,60,765,10.9,0.554,0.174,0.31,3.4,10.5,7.1,18.6,1.9,0.7,21.4,12.8,NA,0.5,0.8,1.3,0.084,NA,-2.3,1.2,-1,0.2,"UTA","trentforrest"
"486",673,"Eric Paschall",25,58,736,13.9,0.612,0.46,0.366,4.6,10.9,7.9,7.1,0.6,0.6,9,17.7,NA,1.4,0.5,2,0.128,NA,0.5,-1,-0.5,0.3,"UTA","ericpaschall"
"487",675,"Jared Butler",21,42,360,12.1,0.509,0.583,0.106,1.6,11.8,6.8,26,2.3,2,17.3,23.1,NA,0,0.5,0.4,0.057,NA,-2.3,0.7,-1.6,0,"UTA","jaredbutler"
"488",677,"Udoka Azubuike",22,17,195,17.6,0.743,0,0.224,10.5,28.8,19.9,0,0.3,5,18.2,14.7,NA,0.3,0.3,0.6,0.157,NA,-1.8,0.4,-1.4,0,"UTA","udokaazubuike"
"489",680,"Miye Oni",24,16,44,0.4,0.265,0.889,0.111,2.6,14.4,8.7,14.2,0,0,9.6,10.3,NA,-0.1,0,0,-0.032,NA,-7.6,-0.3,-7.9,-0.1,"UTA","miyeoni"
"490",684,"Norvel Pelle",28,3,19,12.2,0.6,0,0,17.9,16.7,17.3,0,0,4.6,28.6,16,NA,0,0,0,0.038,NA,-3,-4.1,-7.1,0,"UTA","norvelpelle"
"491",686,"Zylan Cheatham",26,1,5,-23.8,0,0.667,0,0,0,0,0,0,0,0,26.1,NA,-0.1,0,-0.1,-0.61,NA,-19.3,-11.3,-30.6,0,"UTA","zylancheatham"
"492",687,"Kentavious Caldwell-Pope",28,77,2329,12.6,0.568,0.492,0.186,2,10.3,6.2,9.1,1.8,0.9,9.8,19,NA,1.4,1.4,2.8,0.058,NA,-0.9,-0.6,-1.5,0.3,"WAS","kentaviouscaldwellpope"
"493",688,"Kyle Kuzma",26,66,2204,15.2,0.547,0.401,0.234,3.6,24.3,14.1,16.3,0.9,2.2,14.1,24.2,NA,0,2,2,0.044,NA,0.2,-0.4,-0.2,1,"WAS","kylekuzma"
"494",689,"Deni Avdija",21,82,1984,11.6,0.536,0.447,0.235,3,20.5,11.9,11.8,1.5,1.9,12,16.3,NA,0.6,1.8,2.4,0.058,NA,-2.1,0.4,-1.7,0.1,"WAS","deniavdija"
"495",690,"Corey Kispert",22,77,1801,10.9,0.586,0.623,0.121,3.3,9.4,6.4,6.7,1,1,8.5,14.6,NA,1.6,0.7,2.3,0.061,NA,-0.8,-1.5,-2.3,-0.1,"WAS","coreykispert"
"496",691,"Daniel Gafford",23,72,1444,21.8,0.708,0.002,0.372,12.1,19,15.6,7.3,1,5.8,12,16.7,NA,4.4,1.6,6,0.198,NA,1.1,0.5,1.6,1.3,"WAS","danielgafford"
"497",692,"Bradley Beal",28,40,1439,17.5,0.539,0.272,0.263,3,11.4,7.3,30.8,1.2,0.9,13.6,30.8,NA,0.6,0.7,1.4,0.046,NA,2,-1.2,0.8,1,"WAS","bradleybeal"
"498",693,"Raul Neto",29,70,1372,12.4,0.538,0.272,0.245,1.1,9.6,5.4,22.9,2,0.2,13.9,18.4,NA,0.7,0.8,1.5,0.053,NA,-2.5,-0.5,-2.9,-0.4,"WAS","raulneto"
"499",696,"Rui Hachimura",23,42,943,14.9,0.579,0.323,0.173,3,15.6,9.4,7.9,1.2,0.8,7.4,20.9,NA,0.9,0.6,1.4,0.073,NA,0.2,-1.7,-1.4,0.1,"WAS","ruihachimura"
"500",701,"Anthony Gill",29,44,463,14.7,0.682,0.239,0.477,8,12.2,10.2,8.3,0.5,2,12,14.4,NA,1.1,0.2,1.4,0.14,NA,-0.6,-1.3,-1.9,0,"WAS","anthonygill"
"501",702,"Thomas Bryant",24,27,439,16.6,0.607,0.284,0.27,6.7,20.4,13.6,7.9,0.7,4.1,10.3,18.7,NA,0.7,0.4,1.1,0.118,NA,-0.4,-0.7,-1,0.1,"WAS","thomasbryant"
"502",704,"Isaiah Todd",20,12,74,4.7,0.349,0.615,0.231,4.6,13.3,9,7.3,2.7,2.3,12.3,19.6,NA,-0.2,0.1,-0.2,-0.104,NA,-5.7,-1.2,-6.9,-0.1,"WAS","isaiahtodd"
"503",705,"Cassius Winston",23,7,39,6,0.549,0.545,0.364,0,2.8,1.4,24.4,0,0,19,18,NA,0,0,0,0.015,NA,-5.9,-3.5,-9.3,-0.1,"WAS","cassiuswinston"
"504",706,"Jordan Schakel",23,4,30,-1.2,0.21,0.545,0.182,7.5,21.8,14.8,0,1.6,0,7.8,19.1,NA,-0.2,0,-0.1,-0.204,NA,-8.6,-4.3,-13,-0.1,"WAS","jordanschakel"
"505",709,"Joel Ayayi",21,7,20,3.4,0.167,0.167,0,5.6,10.9,8.3,25.4,0,0,0,13.3,NA,0,0,0,-0.098,NA,-4.3,-1.7,-6,0,"WAS","joelayayi"
"506",710,"Craig Sword",28,3,19,14.2,0.75,0.25,0,0,0,0,7.7,10.4,0,20,11.7,NA,0,0,0.1,0.158,NA,-8.6,10,1.4,0,"WAS","craigsword"
"507",714,"Jordan Goodwin",23,2,6,-20.4,0,0.333,0,0,18.2,9.2,0,0,0,0,22.2,NA,-0.1,0,-0.1,-0.533,NA,-24.7,-9.4,-34.1,0,"WAS","jordangoodwin"
"508",715,"Jaime Echenique",24,1,3,0,NA,NA,NA,0,0,0,0,0,0,NA,0,NA,0,0,0,-0.012,NA,-5.5,-3,-8.5,0,"WAS","jaimeechenique"
